id,name,followers,genres,popularity,related_artists
7JwNWaTv4y9WNJCihQFHpv,alayna,55478,"['alternative r&b', 'chill r&b', 'indie electropop', 'indie r&b']",41,"[{'id': '0ZBpfuCEGp57xCqdvrQU7m', 'name': 'BLAISE MOORE', 'followers': 27145, 'genres': ['canadian contemporary r&b', 'indie electropop'], 'popularity': 27}, {'id': '4dw1gYD42SHeDoxl7SKDhS', 'name': 'Nakala', 'followers': 38284, 'genres': ['alternative r&b', 'chill r&b', 'indie r&b', 'uk contemporary r&b'], 'popularity': 36}, {'id': '2EcDZA7LVlXzUhOqYzhNGK', 'name': 'Rendezvous At Two', 'followers': 52909, 'genres': ['bedroom soul'], 'popularity': 43}, {'id': '0kXDB5aeESWj5BD9TCLkMu', 'name': 'Alextbh', 'followers': 80950, 'genres': ['alternative r&b', 'chill r&b'], 'popularity': 41}, {'id': '4k3yrCOPB5wp2ne8R9MQoM', 'name': 'Janine', 'followers': 283447, 'genres': ['alternative r&b', 'chill r&b', 'nz pop', 'pop', 'pop r&b', 'r&b'], 'popularity': 54}, {'id': '5aNJpeK3hUdPY9orfExdOF', 'name': 'Ayelle', 'followers': 28947, 'genres': ['alternative r&b', 'chill r&b', 'indie electropop', 'vapor soul'], 'popularity': 47}, {'id': '7JBZN2pehWRUu3fX11lP2y', 'name': 'R.LUM.R', 'followers': 113185, 'genres': ['alternative r&b'], 'popularity': 36}, {'id': '6hfwwpXqZPRC9CsKI7qtv1', 'name': 'Alina Baraz', 'followers': 1119055, 'genres': ['alternative r&b', 'electropop', 'etherpop', 'pop', 'r&b'], 'popularity': 64}, {'id': '30DhU7BDmF4PH0JVhu8ZRg', 'name': 'Sabrina Claudio', 'followers': 1368407, 'genres': ['alternative r&b', 'pop', 'r&b'], 'popularity': 63}, {'id': '0QitJHI0ZwMa5F9TR6EYSl', 'name': 'Sylo', 'followers': 35558, 'genres': ['alternative r&b', 'canadian contemporary r&b', 'chill r&b', 'indie r&b'], 'popularity': 43}, {'id': '1fQWUHoSWhlrc9rmHi2xnE', 'name': 'Nbdy', 'followers': 71681, 'genres': ['alternative r&b', 'chill r&b', 'indie r&b', 'pop r&b', 'r&b', 'trap soul'], 'popularity': 45}, {'id': '1mKtlPrXjWK6oIdk9cSOjs', 'name': 'Asiahn', 'followers': 181668, 'genres': ['alternative r&b', 'chill r&b', 'indie r&b', 'pop r&b', 'r&b'], 'popularity': 44}, {'id': '3UjPnt2nRmw10N58bBeNOg', 'name': 'Xavier Omär', 'followers': 336535, 'genres': ['alternative r&b', 'chill r&b', 'indie r&b', 'indie soul', 'r&b', 'trap soul'], 'popularity': 53}, {'id': '6cPaKxbdmfSTmt1wKh4GcX', 'name': 'Colette Lush', 'followers': 25586, 'genres': ['alternative r&b', 'chill r&b', 'indie r&b'], 'popularity': 45}, {'id': '7oJtghmTMHdQ49zN8uLSob', 'name': 'Harrison Brome', 'followers': 26999, 'genres': ['canadian contemporary r&b', 'vancouver indie', 'vapor soul'], 'popularity': 43}, {'id': '2sphpXGg1u97VSzbm5gR2P', 'name': 'JOY.', 'followers': 45662, 'genres': ['australian electropop', 'australian pop', 'vapor soul'], 'popularity': 47}, {'id': '6tUJpYN2aYiXbzAcg0pIOo', 'name': 'Sinéad Harnett', 'followers': 416388, 'genres': ['alternative r&b', 'chill r&b', 'dance pop', 'gauze pop', 'indie r&b', 'indie soul', 'pop', 'r&b', 'uk contemporary r&b'], 'popularity': 59}, {'id': '56tbeL5xhBPxby544GuK3E', 'name': 'Kevin Garrett', 'followers': 126662, 'genres': ['alternative r&b', 'nyc pop', 'pittsburgh indie'], 'popularity': 50}, {'id': '68tR0TsEKX89ID4fyBMgch', 'name': 'James Vickery', 'followers': 91046, 'genres': ['alternative r&b', 'indie r&b', 'indie soul', 'uk contemporary r&b'], 'popularity': 50}, {'id': '1XC87A3NVlw6xDW1kIB5FN', 'name': 'Jess Connelly', 'followers': 41578, 'genres': ['chill r&b', 'pinoy indie', 'pinoy trap', 'tagalog rap'], 'popularity': 40}]"
0ZBpfuCEGp57xCqdvrQU7m,BLAISE MOORE,27145,"['canadian contemporary r&b', 'indie electropop']",27,
4dw1gYD42SHeDoxl7SKDhS,Nakala,38284,"['alternative r&b', 'chill r&b', 'indie r&b', 'uk contemporary r&b']",36,
2EcDZA7LVlXzUhOqYzhNGK,Rendezvous At Two,52909,['bedroom soul'],43,
0kXDB5aeESWj5BD9TCLkMu,Alextbh,80950,"['alternative r&b', 'chill r&b']",41,
4k3yrCOPB5wp2ne8R9MQoM,Janine,283447,"['alternative r&b', 'chill r&b', 'nz pop', 'pop', 'pop r&b', 'r&b']",54,
5aNJpeK3hUdPY9orfExdOF,Ayelle,28947,"['alternative r&b', 'chill r&b', 'indie electropop', 'vapor soul']",47,
7JBZN2pehWRUu3fX11lP2y,R.LUM.R,113185,['alternative r&b'],36,
6hfwwpXqZPRC9CsKI7qtv1,Alina Baraz,1119055,"['alternative r&b', 'electropop', 'etherpop', 'pop', 'r&b']",64,
30DhU7BDmF4PH0JVhu8ZRg,Sabrina Claudio,1368407,"['alternative r&b', 'pop', 'r&b']",63,
0QitJHI0ZwMa5F9TR6EYSl,Sylo,35558,"['alternative r&b', 'canadian contemporary r&b', 'chill r&b', 'indie r&b']",43,
1fQWUHoSWhlrc9rmHi2xnE,Nbdy,71681,"['alternative r&b', 'chill r&b', 'indie r&b', 'pop r&b', 'r&b', 'trap soul']",45,
1mKtlPrXjWK6oIdk9cSOjs,Asiahn,181668,"['alternative r&b', 'chill r&b', 'indie r&b', 'pop r&b', 'r&b']",44,
3UjPnt2nRmw10N58bBeNOg,Xavier Omär,336535,"['alternative r&b', 'chill r&b', 'indie r&b', 'indie soul', 'r&b', 'trap soul']",53,
6cPaKxbdmfSTmt1wKh4GcX,Colette Lush,25586,"['alternative r&b', 'chill r&b', 'indie r&b']",45,
7oJtghmTMHdQ49zN8uLSob,Harrison Brome,26999,"['canadian contemporary r&b', 'vancouver indie', 'vapor soul']",43,
2sphpXGg1u97VSzbm5gR2P,JOY.,45662,"['australian electropop', 'australian pop', 'vapor soul']",47,
6tUJpYN2aYiXbzAcg0pIOo,Sinéad Harnett,416388,"['alternative r&b', 'chill r&b', 'dance pop', 'gauze pop', 'indie r&b', 'indie soul', 'pop', 'r&b', 'uk contemporary r&b']",59,
56tbeL5xhBPxby544GuK3E,Kevin Garrett,126662,"['alternative r&b', 'nyc pop', 'pittsburgh indie']",50,
68tR0TsEKX89ID4fyBMgch,James Vickery,91046,"['alternative r&b', 'indie r&b', 'indie soul', 'uk contemporary r&b']",50,
1XC87A3NVlw6xDW1kIB5FN,Jess Connelly,41578,"['chill r&b', 'pinoy indie', 'pinoy trap', 'tagalog rap']",40,
5d6YpWfrSRRZBTgfLt0xcz,Tara Carosielli,15521,"['indie electropop', 'indie poptimism']",26,
4HiLipaDjOwRkhJlk5s1uT,Jae Stephens,29272,[],41,
4fJsnm9CeDAPrwO4MAEToj,Dounia,107123,"['alt z', 'alternative r&b', 'electropop', 'escape room', 'high vibe', 'pop']",48,
4iH079WFvkBukHz8JgiOp3,Tsar B,39479,['belgian pop'],37,
0IfnpflOVEmRGxCKaCYPX4,Chløë Black,43543,['alt z'],36,
3jDtqAKltRxJi64svLZGj7,Bibi Bourelly,76082,['alternative r&b'],50,
4YrURxtCHtPBfNDmMNp7IG,Cruel Youth,132703,"['electropop', 'indie poptimism']",38,
336wP75Xfy1WoqKRFt17IO,Goldilox,7579,['la pop'],26,
0tRFWXqKBBQcu5oFVOgVzX,Jaira Burns,340824,"['alt z', 'electropop', 'indie poptimism', 'pop']",59,
4QmC9vyeUlNcmR9sKzbmxe,Sølv,9266,['indie electropop'],36,
7m0vevDYIJpOIKMzsPuCAp,Sidi,4694,[],31,
3pgtze01npIBY3DCDD5flw,Ängie,133237,"['alt z', 'electropop', 'escape room', 'indie electropop', 'indie poptimism']",42,
1EadqYKeYXKgmD5WoAqxsr,Char,3240,"['alt z', 'indie electropop']",27,
0XPSOhKsMhkMtCJN2zdLJb,Vi,5367,"['canadian contemporary r&b', 'indie electropop']",31,
1zrtALLG8cavle3fFQ0dFH,Cassie Marin,5286,['indie electropop'],24,
68WwJXWrpo1yVOOIZjLSeT,Evalyn,68565,"['alt z', 'electropop', 'indie electropop', 'indie poptimism', 'vapor soul']",41,
0gKIGwEwHA8mOrLyzbRAjr,L.A. Rose,1587,[],28,
5gsyao2Qm21EKylbVIuRQ3,11:11,230560,"['alternative r&b', 'canadian contemporary r&b', 'pop r&b', 'r&b', 'trap soul']",43,
5qeWpRuIDDT5BBPojh8afd,Amber Olivier,32172,"['alternative r&b', 'uk contemporary r&b']",29,
6G1yTgvoYsuVb2Ja8cVVJ2,anders,129246,"['canadian contemporary r&b', 'canadian hip hop', 'toronto rap', 'trap soul']",50,
4W49e48G0gg1pucAN6JiGH,Yo Trane,189657,"['alternative r&b', 'chill r&b', 'pop r&b', 'r&b', 'trap soul']",47,
1uaS3ZokV40ZrpzSRhx4Ol,K. Forest,84131,"['canadian contemporary r&b', 'canadian hip hop', 'pop r&b', 'trap soul']",34,
5qfkUSH3ip5dD2eEPhjkT3,Kyle Dion,170908,"['alternative r&b', 'chill r&b', 'indie r&b', 'indie soul', 'pop', 'r&b']",53,
2hnEiOVSXzO81ruLVH0KUR,Marco McKinnis,46037,"['alternative r&b', 'chill r&b', 'indie r&b']",43,
45AMD9qU0ERQY5RvR7deHR,Che Ecru,134978,"['alternative r&b', 'pop r&b', 'r&b', 'trap soul']",49,
49ygis4xkYsXbHMGCD7ajq,Kalin White,46318,"['pop r&b', 'trap soul']",30,
5J7URjIP8aFmeSn2QwF9Au,TYuS,142235,"['alternative r&b', 'indie r&b', 'pop r&b', 'trap soul']",40,
6TrQLQR8tUluPbmdPy6jqY,ELHAE,193141,"['alternative r&b', 'chill r&b', 'indie r&b', 'pop r&b', 'r&b', 'trap soul']",46,
69FykkhiqpzqeSNYRxc8BI,Tiara Thomas,91207,"['alternative r&b', 'pop r&b']",39,
4hTL3jOgvZwOqegEZTOrCc,Col3trane,130012,"['alternative r&b', 'indie r&b', 'indie soul', 'r&b', 'trap soul', 'uk contemporary r&b']",54,
2r3A0lVppaYaTz2ttY1Jws,Maurice Moore,56876,"['canadian contemporary r&b', 'pop r&b', 'trap soul']",36,
24Cf1irKt7kcewb9OOkPum,Joyce Wrice,127244,"['alternative r&b', 'chill r&b', 'indie r&b', 'indie soul', 'r&b']",52,
6TvjXbopXg71XRM9OZWqUc,Arin Ray,214585,"['alternative r&b', 'chill r&b', 'indie r&b', 'indie soul', 'pop r&b', 'r&b', 'trap soul']",58,
2joIhhX3Feq47H4QXVDOr3,RINI,511630,"['alternative r&b', 'australian r&b', 'bedroom soul', 'chill r&b', 'pop']",60,
05LTJdcIWfHyQXC1za07k8,BRIDGE,19925,['trap soul'],42,
50Fwc6LYQ2aYsWVN10hhTY,PLAZA,97376,"['canadian contemporary r&b', 'trap soul']",53,
1kh0AypxF3CxMMzmQyif2S,Rayana Jay,79759,"['alternative r&b', 'chill r&b', 'indie r&b', 'indie soul']",41,
6QYvdTSxds4Tbo6utoZNKU,Azee,6352,['trap soul'],40,
5EXfqUleFQVrNrQIDpuAxy,BOBI ANDONOV,12636,['macedonian pop'],38,
4ClziihVpBeFXNyDH83Lde,UMI,696124,"['alternative r&b', 'bedroom soul', 'chill r&b', 'indie r&b', 'pop', 'r&b']",63,
2vVT4qoxWje0gVD2FiWZ4u,Jeff Bernat,366387,"['chill r&b', 'pop', 'popping']",60,
31SBgHxc8eqZUk9MdveH42,PREP,185224,['alternative r&b'],49,
0fTav4sBLmYOAzKuJw0grL,Mac Ayres,486315,"['alternative r&b', 'chill r&b', 'indie soul', 'pop', 'r&b']",58,
387YZVajWRq3ZPiCxiX07b,lost spaces,15506,['chill r&b'],40,
4SwV4H2atecTIdXKyLfSfR,Nieman,15627,"['chill r&b', 'la pop']",43,
3uaX4vj7m3bkWhcY9xooJ6,ZUHAIR,9997,"['australian r&b', 'bedroom soul', 'chill r&b']",39,
74Zk4BaTpscIf6k04UoCds,JAIE,16862,"['bedroom soul', 'chill r&b']",37,
2ZeeJPDvqzQ7c8iG3rRsyc,Thomas Ng,11113,['chill r&b'],46,
3tMCCHWJzmRKZvSR157i7e,We The Mongrels,2419,['chill r&b'],26,
65ZzuNL3HmtwhF9akIKXuJ,YAØ,5926,"['chill r&b', 'singaporean pop']",40,
0UCbydneMuhqhsaF5qQu30,Sway Bleu,13231,['chill r&b'],37,
1mefU9eSDsjTwOJK0gn7xZ,Yayyoung,31192,"['bedroom soul', 'chill r&b']",44,
0jUQSUOcM7lxVn5eVGTkzQ,Justine Skye,599783,"['alternative r&b', 'chill r&b', 'pop', 'pop r&b', 'pop rap', 'post-teen pop', 'r&b']",59,
7jZMxhsB8djyIbYmoiJSTs,Kiana Ledé,1290568,"['alternative r&b', 'chill r&b', 'dance pop', 'pop', 'pop r&b', 'pop rap', 'r&b', 'urban contemporary']",64,
63XBtGSEZINSyXylZxEUbv,Victoria Monét,546116,"['alternative r&b', 'dance pop', 'indie r&b', 'pop', 'post-teen pop', 'r&b', 'urban contemporary']",61,
3nViOFa3kZW8OMSNOzwr98,Queen Naija,2334869,"['pop', 'pop r&b', 'pop rap', 'r&b', 'urban contemporary']",64,
0taUqKeI9JbGZECxu5bVV0,Toni Romiti,599292,"['pop r&b', 'r&b', 'trap queen']",49,
6g8AmloI8egfrr3dm3SnUL,TWENTY88,451002,"['alternative r&b', 'pop r&b', 'r&b']",47,
6yqadcG6z5djW3lDuP7Abh,Lyrica Anderson,211946,"['hip pop', 'pop r&b', 'r&b', 'trap queen']",37,
0XIKGBo9PnK1ApI5tZA60d,DaniLeigh,984810,"['pop', 'pop r&b', 'pop rap', 'r&b', 'rap latina']",60,
6If57j6e3TXXk0HiLcIZca,Sevyn Streeter,1182904,"['alternative r&b', 'dance pop', 'hip pop', 'pop', 'pop r&b', 'pop rap', 'r&b', 'trap queen', 'urban contemporary']",59,
756t7CBmWLNYsshVtS6P44,Tone Stith,141204,"['alternative r&b', 'chill r&b', 'indie r&b', 'pop r&b', 'r&b', 'trap soul']",53,
7HkdQ0gt53LP4zmHsL0nap,Ella Mai,4385532,"['dance pop', 'pop', 'pop rap', 'r&b', 'uk contemporary r&b', 'urban contemporary']",70,
6cN9XwPMj9bWzJ32GC6V7v,Mila J,645478,"['alternative r&b', 'hip pop', 'pop r&b', 'r&b', 'trap queen', 'urban contemporary']",54,
6vZUJpsm4VHjSWpedp05vg,Trevor Jackson,106589,"['alternative r&b', 'pop r&b', 'r&b']",45,
5ae3MM8dgOn3QPHzqFDJlY,Kevin Ross,77857,"['alternative r&b', 'indie r&b', 'neo soul', 'pop r&b', 'r&b']",49,
0q31MBlCXGIFG6gl11Yn0t,Lyves,31091,"['alternative r&b', 'indie electropop', 'vapor soul']",37,
7AbKOHOvn27dK0FOiboAno,Black Atlass,89472,"['canadian contemporary r&b', 'trap soul']",53,
1VURTzU1i6o1agHFXs3V4E,Sonn,13554,[],41,
4QDvXnbmw1znkqkK1119Fc,RKCB,108833,"['alternative r&b', 'electropop', 'indie electropop', 'indie poptimism', 'indie soul', 'vapor soul', 'vapor twitch']",51,
1r1n66Rkx4fzNCIUQhS6OH,Tanerélle,108177,"['alternative r&b', 'indie electropop']",49,
4APHks5GcW1GrlfnSvL5O3,Karnaval Blues,7385,"['chill pop', 'indie soul', 'vapor soul']",44,
3x7BaW5q1SDNv6bVrbOCmX,MOVEMENT,57475,[],42,
5bvwbAyrx6Yk8oLHqOnJ9p,Fhin,31340,"['electro-pop francais', 'indie soul', 'new french touch', 'vapor soul']",44,
0tOrKkXIn3VYyVHFEPG6Xd,Galimatias,131222,"['alternative r&b', 'chillstep', 'vapor twitch']",55,
5YZ5AExR68U3ZblH6HcO6B,Leven Kali,154146,"['alternative r&b', 'chill r&b', 'indie r&b', 'indie soul', 'r&b']",55,
0tqGegfp4LA38TZ807OdzM,Adrian Marcel,171484,['pop r&b'],45,
44drVL4jbdo6T6llD5cMgx,McClenney,50942,"['alternative r&b', 'chill r&b', 'indie r&b', 'indie soul', 'neo r&b']",43,
65OtBLtkrifQrdTlKI90IR,Elijah Blake,211417,"['alternative r&b', 'pop r&b', 'r&b', 'trap soul']",43,
4lwPGsAG5qnfn1JOtESnYZ,Guordan Banks,33220,[],39,
0NIIxcxNHmOoyBx03SfTCD,Tinashe,2387923,"['alternative r&b', 'dance pop', 'electropop', 'metropopolis', 'pop', 'pop rap', 'post-teen pop', 'r&b', 'urban contemporary']",68,
3Y7RZ31TRPVadSFVy1o8os,H.E.R.,5239196,"['alternative r&b', 'dance pop', 'pop', 'r&b']",74,
0cGUm45nv7Z6M6qdXYQGTX,Kehlani,5890581,"['alternative r&b', 'dance pop', 'pop', 'pop rap', 'r&b']",76,
1CoZyIx7UvdxT5c8UkMzHd,Jorja Smith,2767340,"['alternative r&b', 'pop', 'r&b', 'uk contemporary r&b']",70,
16rCzZOMQX7P8Kmn5YKexI,Mahalia,748848,"['alternative r&b', 'dance pop', 'indie anthem-folk', 'pop', 'r&b', 'uk contemporary r&b']",63,
3KedxarmBCyFBevnqQHy3P,Jessie Reyez,1112926,"['canadian contemporary r&b', 'canadian pop', 'dance pop', 'pop', 'r&b']",66,
1A9o3Ljt67pFZ89YtPPL5X,Snoh Aalegra,809560,"['alternative r&b', 'pop', 'r&b', 'scandinavian r&b', 'swedish soul']",65,
0AsThoR4KZSVktALiNcQwW,Chloe x Halle,1723267,"['alternative r&b', 'dance pop', 'pop', 'post-teen pop', 'r&b', 'urban contemporary']",60,
7aFTOGFDEqDtJUCziLVsVC,Nao,567598,"['alternative r&b', 'dance pop', 'indie soul', 'neo soul', 'pop', 'r&b', 'uk contemporary r&b']",58,
2kQnsbKnIiMahOetwlfcaS,Raveena,410130,"['alternative r&b', 'chill r&b', 'indie r&b', 'indie soul']",58,
2cWZOOzeOm4WmBJRnD5R7I,Normani,1959308,"['dance pop', 'pop', 'post-teen pop', 'r&b', 'urban contemporary']",68,
1ti0u37FfK0AO8cM2n7Ncr,Iris Temple,20880,"['alternative r&b', 'bedroom soul']",29,
6LtgEnShwvrqAaKohg7skM,Hablot Brown,31855,"['alternative r&b', 'indie r&b', 'indie soul']",46,
63g7H7tihdsX4LtRQioKrR,Kyle Lux,19248,"['alternative r&b', 'chill r&b', 'indie r&b']",42,
6iWuBN32BqCJAeXW6o3nil,Cautious Clay,223491,"['alternative r&b', 'indie r&b', 'nyc pop']",58,
3O2UFvuhmgSDH3q6miqELN,marcos g,25594,"['alternative r&b', 'chill r&b', 'indie r&b']",44,
7lDgh1Efb7gDBPxtYWd7ui,Hong Kong Boyfriend,8292,['chill r&b'],39,
4vZ5UD5pIliRPSdHHj9EUp,Bren Joy,53283,"['alternative r&b', 'chill r&b', 'indie r&b']",56,
2RRNrkubhppUJPRUYExCVf,Brian Dublin,1134,['chill r&b'],22,
6cBSgFUoVWA9CIA159x2Jr,syd B,11330,"['alternative r&b', 'chill r&b', 'indie r&b']",36,
5UNWM3Keu6o0NrbigeRfh9,Mei,12786,"['bedroom soul', 'chill r&b', 'indie r&b']",27,
5YHM0i7v5TqqibZhS0YiuX,Ryan Trey,162450,"['alternative r&b', 'r&b', 'trap soul']",52,
08v1r0jqDyvSo2LtSqHxcy,Reo Cragun,78728,"['canadian hip hop', 'trap soul', 'underground hip hop']",51,
4xXlwzlQAvjV07mmGvlT0T,Aftertheparty,118332,"['trap soul', 'vapor trap']",44,
1ZilzPhvZhYUCSGczNRlyt,Eli Sostre,116690,"['trap soul', 'underground hip hop']",45,
6QyD04sHvKf1AjxkXrNRk1,Anfa Rose,64314,"['trap soul', 'underground hip hop']",45,
0Maq4Nk8ZM6keGZjTCXGIH,Ye Ali,35930,"['alternative r&b', 'indiana hip hop', 'indie r&b', 'pop r&b', 'trap soul']",39,
4hknFHNFp3UMm2Rbc6Ansf,Sebastian Mikael,127892,"['alternative r&b', 'indie r&b']",41,
0Ek89uaJyo6NfWK22awFvI,VanJess,142390,"['alternative r&b', 'chill r&b', 'indie r&b', 'indie soul', 'r&b']",53,
1cWyN6TA0n4j9JtqI0sOpt,TeaMarrr,87393,"['alternative r&b', 'boston hip hop', 'chill r&b', 'escape room', 'high vibe', 'indie r&b']",43,
7E2ioKxoxI2J94tUkIx6As,Alex Isley,107850,"['alternative r&b', 'chill r&b', 'high vibe', 'indie r&b', 'indie soul', 'neo soul', 'r&b']",56,
0zanHkxN0P38oWegA8iSQA,Etta Bond,57672,"['alternative r&b', 'chill r&b', 'indie r&b', 'indie soul', 'uk contemporary r&b']",44,
3QTDHixorJelOLxoxcjqGx,SiR,692409,"['alternative r&b', 'hip hop', 'la pop', 'r&b', 'rap']",62,
4C9Tvlt8v7d8R6h98FgdUy,bLAck pARty,176262,"['alternative r&b', 'chill r&b', 'indie r&b', 'indie soul']",49,
4FreKg40BVDMPRLGeubyku,Samaria,28141,"['alternative r&b', 'chill r&b', 'indie r&b', 'pop r&b']",39,
6Z4JcgqrqgysyHIPRtDIHo,Baby Rose,46373,"['alternative r&b', 'chill r&b', 'indie r&b']",41,
5N2lZ3f6pIpMTnpfVV4Adg,Symphani Soto,17823,"['alternative r&b', 'indie r&b']",26,
3qfqqDpGv4XNfa3G0EfP9s,Savannah Ré,19903,"['alternative r&b', 'canadian contemporary r&b', 'chill r&b', 'indie r&b', 'pop r&b']",42,
3ote0zYtTM5HzVyDKEJrzR,Jessica Domingo,18869,"['alternative r&b', 'bedroom soul', 'chill r&b', 'indie r&b']",32,
2FcXBEz4zZpJGNO8CSrchU,Jayla Darden,35811,"['alternative r&b', 'chill r&b', 'indie r&b', 'pop r&b', 'trap soul']",42,
7CZXfBcIhQ2dPEqk3N74vV,Parisalexa,17528,['alternative r&b'],33,
4uaGojdWj4H6cTJydZUPWG,Christian Kuria,63770,"['alternative r&b', 'chill r&b']",57,
77SLhlrrJKzclwLB9bnRJZ,Alex Mali,38913,"['alternative r&b', 'chill r&b', 'indie r&b']",40,
3R80OE4RViOWbnuvqh0j8a,thuy,84973,"['chill r&b', 'pop', 'pop r&b', 'r&b']",59,
1ZtRTibAPAEbO8iydpyzWu,Kennedy Rd.,13887,"['alternative r&b', 'canadian contemporary r&b', 'indie r&b', 'trap soul']",28,
6gj3sMEZYP6IESIptoXnrP,Ambré,54086,"['alternative r&b', 'chill r&b', 'indie r&b', 'pop r&b', 'trap soul']",48,
2CfhN5oSdaZIGfe2KTq2yB,sky,12041,"['alternative r&b', 'chill r&b', 'indie r&b']",41,
494OPqLjjEhjKil1G6MWho,Kate Stewart,13601,"['chill r&b', 'uk contemporary r&b']",37,
4QJrAwNc5j17E5N2PxpqGj,Olivia Nelson,17235,"['alternative r&b', 'uk contemporary r&b']",39,
5o6oaYrumOkkzsOmwZXJv6,MALIA,24007,"['alternative r&b', 'chill r&b', 'indie r&b', 'indie soul', 'uk contemporary r&b']",44,
7CeUn1UNtIFSZIIBNXV8jk,Liza,8541,"['canadian contemporary r&b', 'chill r&b', 'indie r&b', 'latin metal']",35,
6PvScqSJuICxvoA3UDYPmu,JON VINYL,38306,"['alternative r&b', 'canadian contemporary r&b', 'chill r&b', 'indie r&b']",46,
3q4qbeWVDpN7LcwU6db2a7,Klyne,39301,"['dutch r&b', 'indie soul', 'new french touch', 'vapor soul']",44,
5IeewgS3Eds4y2s9A663lN,Nude,7033,"['new french touch', 'vapor soul']",30,
4oFdxup3UmMDNoLLITyDrs,Shy Girls,58175,"['alternative r&b', 'portland hip hop', 'vapor soul']",41,
2tT6SE9nGCYXysoJ4qicsZ,BASECAMP,27452,"['alternative r&b', 'vapor soul']",26,
6107PIkQDuEUcdpZqSzQsu,Atlas Bound,30272,['vapor soul'],32,
2IQDM5URYGYfSMmwhTCmyy,Rationale,78975,['uk contemporary r&b'],52,
3I2596dGk4K3e4qKjwpzQb,Saje,20329,"['indie soul', 'new french touch', 'vapor soul', 'vapor twitch']",41,
6YtlR8MLfO6azxwOKAvEi3,Pomo,38442,"['canadian electronic', 'indie soul', 'new french touch']",46,
3VVLqeEqQQqTgT8YhfY9Z6,Emmit Fenn,144319,"['electropop', 'vapor soul']",60,
3S4d3YRNGg2OhnNm3QvfhA,slenderbodies,148736,"['indie poptimism', 'indie soul', 'modern rock', 'vapor soul']",53,
1n3X60xWCyL1zytSiKeu4D,St. South,51980,"['electropop', 'vapor soul']",42,
3RP50pmG8Wz1mhNCidQj68,RITUAL,41816,"['electropop', 'vapor soul']",46,
3CGuwWgoCYSO5Z72H5G2Ec,Kita Alexander,54478,"['aussietronica', 'australian indie', 'australian pop']",43,
0lYzZ91QzokaPrRK1vq6tW,Nicole Millar,28898,"['australian pop', 'gauze pop']",43,
5ujrA1eZLDHR7yQ6FZa2qA,Vera Blue,169131,"['australian indie', 'australian pop']",54,
7MbSdIkdgkwmVxObpCg87e,Eves Karydas,44964,"['australian indie', 'australian pop', 'brisbane indie']",37,
5bdwzvp6eirvqh0TwOwjgE,Running Touch,55617,"['aussietronica', 'australian indie', 'australian pop']",47,
4OSArit7O2Jaj4mgf3YN7A,Mallrat,172351,"['aussietronica', 'australian hip hop', 'australian indie', 'australian pop', 'brisbane indie']",56,
7ASucWaI33cepJbo74Hlo0,E^ST,62268,"['australian indie', 'australian pop']",41,
7qhWa7UI1QNZNDnzYwAYZm,Vallis Alps,131066,['vapor soul'],45,
4xdEmbimxXyo9wXy9lq3ek,Gretta Ray,56214,"['australian indie', 'australian pop']",49,
4blt4zG5qMjWCPymNjDNP5,Tia Gostelow,29143,"['australian indie', 'australian pop', 'brisbane indie']",38,
0M7GyeyRi2fG8c1LdP4jhi,Lastlings,49386,['vapor soul'],48,
4qOzMSukiZoiSjPQw8Zs7s,Mansionair,160816,"['aussietronica', 'electropop', 'indietronica', 'modern rock', 'vapor soul']",56,
0lgc1ljuLwkY1VRtDkFSLK,Woodes,20823,[],38,
4SdIXLzfabqU61iK7SnKAU,G Flip,151946,"['australian alternative pop', 'australian pop']",52,
6f5yObGSpFj9eJL55GBzrb,LANKS,26444,"['australian indie', 'australian pop', 'vapor soul']",41,
2rv8IrcIQiFKkdvQAgUTZj,Set Mo,41301,['aussietronica'],45,
19m3oZKjGSLzVW0OGIAcNg,George Maple,42081,['australian pop'],44,
6vqMDhoigg5btfdPsPTVFt,Cub Sport,121444,"['australian indie', 'australian indie rock', 'australian pop', 'brisbane indie']",51,
3D6cosC5ZOLCpRxt6T3XS7,The Kite String Tangle,81090,"['aussietronica', 'australian indie', 'australian pop', 'brisbane indie']",44,
1iQVsRr2JalWIOLQa4T7O6,Odette,47550,"['australian indie', 'australian pop']",40,
0tbeZu9lv8YEKSQ9tZSslu,Amber Mark,322182,"['alternative r&b', 'indie r&b', 'indie soul', 'nyc pop']",59,
2tAqnHDAgnGtjnlzyoa38L,Ama Lou,214102,"['alternative r&b', 'chill r&b', 'indie r&b', 'indie soul', 'r&b', 'uk contemporary r&b']",49,
0CkbPVBpOwwz9NPPglFKyq,RAY BLK,152863,"['electra', 'uk contemporary r&b']",51,
4rDcfb3TEWyx0BKdzKG24I,Jaz Karis,71270,"['alternative r&b', 'chill r&b', 'indie r&b', 'indie soul', 'uk contemporary r&b']",49,
4DtUsfaVQBhypuwYmobdSm,RIMON,106090,"['alternative r&b', 'chill r&b', 'dutch r&b', 'indie r&b', 'indie soul']",43,
3GQboECxDT1xqPPWC30p7v,Charlotte Day Wilson,200246,"['alternative r&b', 'canadian contemporary r&b', 'indie r&b', 'indie soul', 'neo soul']",57,
3sJQwG0SsGRyv5C5kh4o9a,Shay Lia,78279,"['alternative r&b', 'canadian contemporary r&b', 'canadian pop', 'indie r&b', 'indie soul', 'montreal indie']",49,
0VQKssIfRKfSd7IfW3JIP1,Thomston,88686,"['etherpop', 'indie electropop']",40,
5PxCTrv3Y1xVACfngpt7D2,Lostboycrow,131423,"['alt z', 'electropop', 'indie electropop', 'indie poptimism', 'indietronica']",53,
7yxpGyw5CZPsrTPpkERpc4,Refs,22673,"['indie electropop', 'nyc pop']",32,
1Zp054Jc86WVKCxKEqZGOA,Jack Garratt,352509,['uk alternative pop'],46,
0qG3lxHmrUeKzL1BJJ7IBN,Michl,158556,[],46,
2zmrsXMHxagFz6vI2cD7r6,Ella Vos,189719,"['alt z', 'electropop', 'indie electropop', 'indie poptimism', 'la pop']",49,
4wO0kHiOwf8l9VMJJN9HmG,Shoffy,109277,"['alternative r&b', 'chill pop', 'chill r&b', 'electropop', 'indie electropop', 'indie poptimism', 'la pop', 'pop']",52,
09Z3wZ88af1pfyJxziESQF,Nick Wilson,38778,"['alt z', 'indie anthem-folk', 'indiecoustica', 'uk pop']",46,
7r2uG6BlFXKcwmh9ItqlII,Wrabel,214324,"['alt z', 'australian pop', 'electropop', 'indie poptimism', 'indiecoustica', 'neo mellow', 'pop', 'pop rock']",62,
28dDyPkw069ypiqC78dhRb,Oliver Riot,85149,[],40,
1O5IeYqvtwnWzlNq3Ux3jd,Aeris Roves,27504,"['alternative r&b', 'uk contemporary r&b']",43,
26GHRG8x1F4AzbCKzUaIbw,Aquilo,285403,['indie folk'],57,
7GJbWH8vhhuW22707B8HsW,Thirdstory,68887,['nyc pop'],43,
1Fr6agZ6iSM5Ynn2k4C8sc,VÉRITÉ,284584,"['alt z', 'art pop', 'brooklyn indie', 'dark pop', 'electropop', 'indie electropop', 'indie pop', 'indie poptimism', 'metropopolis', 'nyc pop', 'pop', 'vapor pop', 'vapor soul']",51,
23IZADrJHPStZ6aMxJVq3s,Jarryd James,109521,"['australian alternative pop', 'australian r&b']",44,
3kf01riKEcjHq6eiATvWT1,IYAMAH,42194,"['alternative r&b', 'chill r&b', 'indie r&b', 'indie soul', 'uk contemporary r&b']",39,
1QfEfvB62EEl4upf2ANKkR,Pip Millett,162300,"['alternative r&b', 'indie r&b', 'indie soul', 'uk contemporary r&b']",53,
6f96znq79wvlknKHHHhtTW,Jarreau Vandal,59893,"['alternative r&b', 'dutch r&b', 'indie r&b', 'indie soul']",47,
5LuLeXlnT2jFxbx7Cg7j88,Ady Suleiman,92676,"['indie soul', 'uk contemporary r&b']",47,
3ETLPQkcEd7z4k3IbZmXMq,Cleo Sol,273996,"['alternative r&b', 'indie r&b', 'indie soul', 'neo soul', 'uk contemporary r&b', 'uk funky']",57,
1Q2mS59tFYLm2KGFoCgWN4,Samm Henshaw,241687,"['alternative r&b', 'british soul', 'indie soul', 'uk contemporary r&b']",55,
0PgYKqH7ohfAm9LFgWjpl8,ELIZA,120626,"['alternative r&b', 'indie soul', 'uk contemporary r&b']",44,
29Dil4ZXNOwBukXdVL1EwB,Elli Ingram,39408,"['indie r&b', 'indie soul', 'uk contemporary r&b']",42,
6Z7JSzWmroQi34J1yz833c,crwn,30279,"['pinoy indie', 'pinoy r&b', 'pinoy trap']",32,
6jH7RAA1CW3vVj1a312h3Z,Curtismith,33160,"['pinoy alternative rap', 'pinoy hip hop', 'pinoy indie', 'pinoy r&b']",43,
2VL6HPPI1raa3qKW6NUNBR,TALA,25342,"['chill r&b', 'pinoy indie']",32,
7Hb2cm4pIeCUKwfzutKyjp,Jason Dhakal,15782,['pinoy indie'],53,
1DZGAZcaTA32eLJELEsjXY,Kiana V,43208,['pinoy indie'],43,
4iSU0hKfGnU2nscL5dLi9p,Claudia,21322,['pinoy r&b'],29,
2Q2uIXpaRSH3Or0oT5nFXR,DENȲ,5808,"['pinoy hip hop', 'tagalog rap']",37,
7aerdWadzubpu06Oxysg6R,Paolo Sandejas,13533,"['opm', 'pinoy indie']",41,
6ZPADYpgSS0VwqZPJeX54p,CARELESS,23512,"['pinoy r&b', 'pinoy trap']",42,
0bGLIWZrNjcM3mIwPqxBNo,PARADISE RISING,7930,[],34,
6jdiX8imaOsKaITCkZIPEZ,Jim P,11509,"['pinoy hip hop', 'pinoy r&b', 'tagalog rap']",35,
4LT250S0fAe4cYqPbRk56m,Cean Jr.,6033,"['pinoy hip hop', 'pinoy r&b', 'tagalog rap']",41,
6fc4La0O0xzu4tZIE0tSsQ,Ysanygo,20306,"['pinoy indie', 'pinoy r&b']",25,
4C6r5TXG5Y5UHCmCAP8Ref,Bawal Clan,32034,"['pinoy alternative rap', 'pinoy hip hop', 'tagalog rap']",34,
1SY1Q1at2cX647rAXEQMmr,Good Kid$,24931,"['pinoy alternative rap', 'pinoy hip hop']",19,
0lPbEIq95kQF2Xlbbp0y4B,Sica,6685,"['pinoy hip hop', 'tagalog rap']",27,
4acGozsQZscrP4YKMg2Xwn,Timmy Albert,26973,"['opm', 'pinoy indie']",44,
0GuaoBVOFuVXuhbrmSD1je,Jolianne,5833,"['chill r&b', 'pinoy r&b']",35,
7fVbBzDDOt79tXJsAo5fsw,Jensen & The Flips,57186,['pinoy r&b'],32,
6JINIoM2HUR5ZNTJwoR9eC,EZI,129647,"['alt z', 'electropop', 'indie electropop', 'indie poptimism', 'nyc pop']",44,
1Bztk1lPSvwiBJCujObyxU,Caitlyn Scarlett,55942,"['indie electropop', 'indie poptimism', 'vapor pop']",44,
55SUpsj027epu8yi663EKZ,Luna Shadows,111884,"['alt z', 'electropop', 'indie electropop', 'indie poptimism', 'vapor soul']",39,
2KocQ1sDusS8f9Gppxew1g,Melis,2811,[],27,
74ki2az2ulvZZHh2QtNkZz,Noita,2355,['experimental r&b'],22,
3IJ21966TwNZI24MwZHMu4,Baby Tate,194045,"['escape room', 'high vibe', 'r&b', 'trap queen', 'viral rap']",64,
1LzWWI9v4UKdbBgz8fqi15,Tayla Parx,100961,['alternative r&b'],42,
71Ug2zQHWlJFjNCK8swHfL,Diana Gordon,33572,['alternative r&b'],36,
2bvUCoFViWtg9pSkOX9du9,BAYLI,21400,"['escape room', 'indie r&b']",43,
0Ns29jDBaYI2wbHvTR1B9j,Diamond White,23335,[],38,
3EaMWS6JZsJwBICEFUsWPR,Rakiyah,11916,['experimental r&b'],31,
3zOUpziwcfY2bCh4VyJ4Am,Njomza,45635,[],51,
778bhPsYwr6sAELsBBX8MC,Almondmilkhunni,18382,[],32,
3sGyf3EDcvQ4PB9AGIg84M,OSHUN,121942,"['afrofuturism', 'alternative r&b', 'escape room', 'high vibe', 'psychedelic hip hop']",39,
4o4tLTIJ3eWMFerz73atcT,Qveen Herby,459863,"['alt z', 'dance pop', 'escape room', 'high vibe', 'pop', 'trap queen']",59,
06vRrrjT3DBRkhBlXoBdYj,Lauren Sanderson,143756,"['alt z', 'pop']",50,
4JqpJeNOhP6bAkolNMLwFg,Jean Deaux,114626,"['alternative r&b', 'chill r&b', 'escape room', 'high vibe', 'indie r&b', 'indie soul']",56,
0jt1EsJCeoQXLNDta4JF6c,Dizzy Fae,48282,"['alternative r&b', 'escape room', 'minneapolis indie']",41,
2DGBzoOLcKLK3eWxFyugdB,Dua Saleh,63068,"['alternative r&b', 'escape room', 'minnesota hip hop', 'sudanese pop']",46,
2qDdxfKUpYg8wc49KIuT3b,Tommy Genesis,167957,"['bc underground hip hop', 'canadian hip hop', 'canadian trap', 'electropop', 'escape room', 'pop', 'trap queen']",47,
5uy67fWgovgNdbkP1kAf7m,Warhaus,83494,"['belgian indie', 'belgian rock']",44,
3lLMK7bxYJxcaeThcvL8NJ,Faces on TV,18732,"['belgian indie', 'belgian indie rock']",28,
6LiV1FV5nwdp3k6n3LMoQn,J. Bernardt,33900,['belgian pop'],34,
78tqzAecpQgPa0GQtvLmWk,Warhola,16543,"['belgian indie', 'belgian pop']",27,
67hOz31eSjfEo9FR2N0ST5,Compact Disk Dummies,23227,"['belgian indie', 'belgian pop', 'belgian rock']",34,
5MraexJKZDrQYzS98kNwie,Sevdaliza,357000,"['art pop', 'electropop', 'escape room', 'persian electronic', 'pop']",50,
0nvdwVbj7NT1WL9P8JowLD,blackwave.,49477,['belgian hip hop'],47,
4QZPz2RgCte9PHiUJArIT9,SX,13724,"['belgian indie', 'belgian pop']",27,
385fK73L7PCt3RMlZQOu6t,MXMS,20047,"['dark pop', 'indie poptimism', 'la pop']",36,
5MdGszDt9p0CjdUYOidTBH,Hydrogen Sea,7204,"['belgian indie', 'etherpop']",27,
1se3w7gpZkwcJYgHSPDoQ8,Ramsey,28666,"['dark pop', 'indie electropop']",50,
6dZdcowBonykRqLdlfb7qR,Arsenal,32606,"['belgian indie', 'belgian rock']",38,
3MZIxeB762kFLJ8ceou6uJ,Trixie Whitley,31247,"['belgian indie', 'belgian pop', 'belgian rock', 'ghent indie']",29,
7x6YCRAc2k4UAcUNI03ZqM,Amanati,2771,[],28,
0dLWSYE7my9AbpQYNJ0ABV,Oscar and the Wolf,280500,"['belgian indie', 'belgian pop']",53,
3n1yZfKIQhSaPjF1LZBhxy,Lola Blanc,91937,"['alt z', 'indie poptimism', 'modern alternative pop']",48,
2CBvbVxhd3ZJXRTCl88H7E,Sizzy Rocket,52132,"['alt z', 'indie electropop', 'indie poptimism']",39,
11yRZt5TL95KxSmsJSSNyh,Cat Pierce,18105,[],29,
7ixzNQXQ64I2ayrtyhlF7i,Transviolet,182780,"['alt z', 'electropop', 'indie electropop', 'indie poptimism', 'metropopolis', 'pop', 'vapor soul']",44,
224Zsim3dmWXWYUXFuHv0o,HANA,105985,"['art pop', 'dark pop']",47,
245PKF3hKjtxJKIG153kF0,Kailee Morgue,309816,"['alt z', 'dark pop', 'electropop', 'indie electropop', 'indie pop', 'indie poptimism', 'pop', 'social media pop']",53,
6ioOEWNNGK40H8xrGj6XPW,XYLØ,307577,"['alt z', 'electropop', 'indie electropop', 'indie poptimism', 'la pop', 'pop', 'vapor soul']",52,
7nnTzZ5tZrPx14iDnmjksU,Zolita,261746,"['alt z', 'electropop', 'indie poptimism', 'pop']",51,
294lNTPZfdqyzt8qnxmFiL,Mereba,202793,"['alternative r&b', 'chill r&b', 'escape room', 'high vibe', 'indie r&b', 'indie soul']",56,
6wdvERzX4CUCOXu6hSS95x,Natalia Kills,357880,"['candy pop', 'dance pop', 'dark pop', 'electropop', 'escape room', 'pop', 'post-teen pop']",50,
0wnYgCeP013HkKoOyC5V32,Allie X,760854,"['alt z', 'art pop', 'canadian electropop', 'canadian pop', 'dance pop', 'dark pop', 'electropop', 'escape room', 'indie poptimism', 'metropopolis', 'pop', 'post-teen pop', 'tropical house', 'vapor soul']",56,
5mlbvTfWUOfDrUIK6dkNzv,Poppy,1119776,"['alt z', 'art pop', 'dance pop', 'electropop', 'escape room', 'modern rock', 'pop']",60,
4IFgewC2urR62Fwt7uAU03,Kerli,161811,"['candy pop', 'dark pop', 'electropop', 'estonian pop', 'indie poptimism', 'metropopolis']",47,
0MfC3pip8rY8OFLJVVNvBO,Nicole Dollanganger,136207,['canadian singer-songwriter'],44,
4QM5QCHicznALtX885CnZC,Slayyyter,276404,"['art pop', 'dance pop', 'electropop', 'escape room', 'hyperpop', 'pink noise', 'pop', 'proto-hyperpop']",56,
5JSXWmQO8csVUy6hSRu8TA,Maty Noyes,249521,"['alt z', 'electropop', 'indie electropop', 'indie poptimism', 'pop']",54,
6J3RPKUwZlKMzh3vWa9wPc,Skott,141993,"['alt z', 'electropop', 'indie electropop', 'indie poptimism', 'vapor soul']",47,
7pyhre5oEEFMqcgMEvJY7q,Sky Ferreira,507751,"['art pop', 'candy pop', 'dance pop', 'electropop', 'escape room', 'indie pop', 'la indie', 'metropopolis', 'neo-synthpop', 'pop']",55,
202HZzqKvPsMHcbwnDZx7u,Dorian Electra,227869,"['art pop', 'escape room', 'hyperpop', 'pink noise', 'proto-hyperpop']",50,
37E1vODg8cLo8cgFJ4h3wy,Jayke,241,[],0,
6bu3O5xrGodNvnTXHk0yiq,Simon C,129,[],5,
3IFm8ZRJNDlAHkEkSh7pIa,Rob's Project,10,[],0,
7yJ7U4MAPkgDbrid86C1UE,The Beatsquad,172,['rave'],3,
2ImDzrbLcRzuIn2oezlqVU,Gab,423,[],10,
1Hidn0H2jKk8iqhkpoVwsA,Solid Bass,150,[],0,
3qrW1I3fZ9KVGjfcyW6qgf,Club X,693,['deep hardcore'],2,
0acHUswK8HWRmEAMS70gPH,Tott,1,[],0,
12Jfs5Ki2voc0vCZgxAmjG,ELIPS,72,[],0,
3d2aSwTFydvTfqOy9XlaG4,PulpShock,125,['rave'],1,
2dxPhqHFjNxtm30tqQAjyH,The Insaniacs,79,['deep hardcore'],1,
3HhetNbIu9kvFg9Wh9aF22,Trancehistory,6,['deep hardcore'],0,
0P5frht0A8pd2wsVtc2kMK,Mr. B,236,[],9,
5GIFEzb7KiIrtopyzjYUt8,Hyperactive,153,[],6,
645PdGUEkSPbSX2ynYqKvD,The Unknown Project,155,[],0,
122p7MRwuFS9Xf7Lfko6Wp,Mindtrust,206,['rave'],4,
2IpRAN1JgE7wyZLmK5xJ3L,Ferocious,248,['happy hardcore'],11,
5vBrKGOjN10BMwB0cJADj4,bülow,467201,"['alt z', 'electropop', 'indie poptimism', 'indietronica', 'pop', 'social media pop']",58,
2FovgCfOwN9iqbkCBlKFdT,Ellise,827585,"['alt z', 'electropop', 'indie poptimism', 'modern rock', 'pop', 'social media pop']",60,
0fs8oBR1rx7JIXZi75h7Uu,Bahari,141676,"['alt z', 'indie electropop', 'indie poptimism', 'la pop']",51,
1eMmoIprPDWeFdB1FxU6ZV,Au/Ra,430316,"['alt z', 'deep pop edm', 'electropop', 'indie poptimism', 'pop']",65,
7LImGq5KnzQobZciDJpeJb,Charlotte Lawrence,948660,"['alt z', 'electropop', 'indie poptimism', 'pop', 'post-teen pop', 'social media pop']",60,
4JNfz6aO9ZFz0gp5GY88am,Hey Violet,947695,"['alt z', 'electropop', 'indie poptimism', 'pixie', 'pop', 'post-teen pop', 'social media pop']",56,
3mPc8WGusz2XF3Tvs3AKCR,Carlie Hanson,386707,"['alt z', 'electropop', 'indie electropop', 'indie poptimism', 'pop', 'post-teen pop', 'social media pop']",52,
4u5smJBskI6Adzv08PuiUP,Kiiara,849519,"['alt z', 'dance pop', 'electropop', 'indie poptimism', 'pop']",61,
3G9gR0x4v3J2Vek0Fw0yf2,Emily Vaughn,124677,"['alt z', 'electropop', 'indie electropop', 'indie poptimism']",46,
5QatamYwvUTOmMHW6WA0AG,Terror Jr,190725,"['alt z', 'dance pop', 'electropop', 'indie electropop', 'indie poptimism', 'metropopolis', 'pop']",47,
4N874uPqBka1QiCvnCVOtr,Phoebe Ryan,332245,"['alt z', 'electropop', 'indie poptimism']",55,
0uGk2czvcpWQA383Im6ajf,Maggie Lindemann,1763240,"['alt z', 'dance pop', 'dark pop', 'pop', 'post-teen pop']",64,
6T56xtTEllGW17snjAZLNP,Gia Woods,54253,['alt z'],43,
1DdDuFwFjcX2NN5bYnqu5k,Tessa Rae,5850,['indie electropop'],28,
0LazfGmIM2fG2g9Xg3ZLWA,Zoey Lily,6079,"['indie electropop', 'uk alternative pop']",22,
2I8N8zPDGzwAa50TqFZcAY,Kristina Bazan,4356,['indie electropop'],18,
5qB8VZFvQcnDIrsj4jBMU9,TS Graye,6350,"['indie electropop', 'uk pop']",35,
1Q7oAWugLbJbjUs5aOoaMM,Lazykids,114,[],32,
0RFrFsjbt1dGJfCd6Q9eF2,Loby,1800,['trap soul'],28,
5Jxv8p3dEf5cFKiDaNdvLP,Angelicca,1603,[],35,
7I8zWeB6H1VuLk6eLq6luy,The Self-Escape,1650,[],26,
7b3ddZomn03lHn6Uvmmyp9,Ja¥en X District,7847,['trap soul'],36,
2SPIThivWqjfsjlYPNxYX9,Limi,3223,[],38,
359shARYhqeEGrmwgOEOLS,Natalie,2843,[],29,
0baNijcOcp1fvs5OKJBTUH,Jordyne,2807,['trap soul'],30,
5phaV5dbc32e9OHxThLIg2,MIRA,833,[],27,
1ZyteyKrx7qwKMwFYLAB1p,OZZIE,30086,['trap soul'],47,
0JzoOfn4HXDNscG6Z5jUba,SMNM,8902,[],29,
4qi0bcIaLhW1Tf8WSf7y5y,LVNDVN,13037,['trap soul'],29,
4FzthA7DjutA71z91I1DKX,CASHFORGOLD,15045,"['wave', 'witch house']",41,
6L2J0lrqalkp9BEEDj1elG,Shaker,15845,['trap soul'],43,
0vnUJWW8wWDGcSdwFYCIB0,Adrian Daniel,13474,['trap soul'],39,
4XX9YjNQrHTZfZz3DCX6DP,GIRLI,149762,"['alt z', 'dark pop', 'escape room', 'indie pop', 'pop', 'proto-hyperpop']",55,
0zCrrgklotTrkkJDNUAury,ZAND,24066,"['alt z', 'dark pop', 'escape room', 'indie poptimism']",43,
0ISnunIc13qlLYVPzxXvBs,Baby Snooks,1607,"['alt z', 'sad lo-fi']",26,
0usoeAOGoNP4O1Jmqj1x4f,MeLoveMeAlot,9447,['alt z'],27,
6R24qEXwdCWtZXamJtuhWX,InYourDre4mz,6445,[],23,
2ZDMFvdzOxmPoXNXpSagLR,Rosie Ugly,1322,[],26,
4KvJPTW5GGjm49mMuzftPA,FLAVIA,9926,"['alt z', 'indie electropop', 'la pop']",42,
2pHQOZq131jMXYSTjP3Ncx,Akenya,4067,[],36,
6PZUrbjktV3P6m9RSuqzX5,Elliot Lee,33546,"['alt z', 'nyc pop']",42,
5qLjCUKw1qrmVyeVAqKOub,Avalon,5094,[],26,
0TC9HQq2I2GIIkK3zLD493,Medusa,11810,[],33,
2UohWHL7qRzLskhtCAIZuY,Ella Malarkey,1393,[],20,
1v8l1Pt24zAXjP3O95SjRn,Eyas,1711,[],21,
6YI7BlIyUuMptKv60F9SPv,alali,1932,['chill r&b'],24,
18UrIT17pqz5fG7J85iwSh,LUNA AURA,19956,"['alt z', 'indie electropop', 'indie poptimism']",42,
2j551jqYq2HQH3R63vtSQi,So Below,25856,"['electropop', 'indie electropop', 'indie poptimism', 'nz pop', 'vapor soul']",42,
1QiXZr91PL7BG5jT7j14uB,Dana Dentata,25694,['pink noise'],35,
2cHLzuB7J9TfkwTMFmTe5E,ONZ,1765,['trap soul'],23,
6NRSfOnXw4qaypEfIV2QXn,Dutch Melrose,10274,['trap soul'],43,
2aenOcvulZ1Zltq7bAdbi4,Chymes,28694,"['alt z', 'australian electropop']",42,
74qSjJarNp1Ilz2kp7IMdL,TRACES,12462,['alternative r&b'],34,
42lwXNRrnNkxxyj0YVsxZG,4ever Falling,10259,['emo rap'],35,
4sQbfQRN4Ftj3WJVaVgFvz,xoxomyah,21484,"['alt z', 'pink noise']",36,
7KbY6uJv0jwIZFLxI3kG5W,Sarah Skinner,2300,['indie electropop'],15,
7BTM2IUcZZsdCANUS3wFKy,Liyv,4401,['indie electropop'],8,
4tp1pUIwgLWIIIIOo1yPYp,Anuka,7072,['indie electropop'],33,
5WV3ngokHMKB6pmuRprszb,Mïrändä,7019,['indie electropop'],26,
2diXk6bGS18SxXeoINo8MQ,Rituals of Mine,6763,"['indie electropop', 'sacramento indie']",25,
1nTVRSMfzkCSct5efMdqrg,lemin.,5542,"['canadian contemporary r&b', 'indie electropop']",25,
4uwIzZYa9X7krqWld1B7JV,Chloe Tang,5811,['indie electropop'],30,
31rxF8WiC0tz6yNzgVP5Tf,Emily Blue,5300,[],26,
5Bff2ovjNhOhKU6kHEXKHy,LANNDS,3058,"['indie electropop', 'jacksonville indie']",16,
0cIsZBvqdqr2KIdAjxCriY,Bailey Baum,4769,['indie electropop'],29,
1LFfKkCrn95l1ZuxCNa3yN,Jades Goudreault,13192,"['alt z', 'indie electropop', 'la pop']",41,
3VjZEaHXvNbCmV5jc0VfZR,Grace Mitchell,71165,"['electropop', 'indie electropop', 'indie poptimism', 'vapor soul']",39,
6wKxOKEA3K6R2UZ3COLXEY,Elohim,165151,"['alt z', 'edm', 'electropop', 'indie electropop', 'indie poptimism', 'indietronica', 'la pop', 'vapor soul', 'vapor twitch']",54,
4uethVhVpoyO3OhT40JH1o,machineheart,74044,"['alt z', 'electropop', 'indie electropop', 'indie poptimism', 'vapor soul']",38,
5koilOAvfuLq4O2yc9UWft,Annabel Jones,28128,"['indie poptimism', 'metropopolis']",25,
3rGhySBeli7RDNfKZjvvkr,Stalgia,13636,[],33,
7cTaYwNT1P49mASgKULKab,MOONZz,36705,"['electropop', 'indie electropop', 'indie poptimism', 'pop edm']",42,
6XrEYPg6rrQMV4GKabTxbE,breathe.,21355,"['australian alternative pop', 'vapor soul']",41,
1ozB2OoXOFK7HckcoAFDN0,Born Human,760,[],27,
21Nkhbzi9pOpejKpJYU8nW,Madly,922,"['nz pop', 'vapor soul']",28,
1I9HNoVK6kOQGVZfulXVnm,TENDER,129157,"['electropop', 'uk alternative pop', 'vapor soul']",50,
6sBu45R2FfAaIqGu6WFESs,Ørka,2527,['vapor soul'],21,
10wyQuP0JtKu4c1YRkqZnX,Emery Kelly,2132,[],5,
1JHi3wMSHjY01RGrlo7lGh,Omido,8883,[],46,
1c5SlzViAqsaB0kXygfSjh,JAHKOY,75486,"['alternative r&b', 'canadian contemporary r&b', 'canadian hip hop', 'indie r&b', 'pop r&b', 'trap soul']",39,
3bnpcWBcvlfq4hPFJjNPbz,SAFE,139541,"['canadian hip hop', 'indie r&b', 'trap soul']",52,
3fcW2V4zOfFm0IsWCJUuzz,Zilo,25962,"['alternative r&b', 'bass trap', 'chill r&b', 'indie r&b']",39,
0iiDqBBNToKJG4YoyESrBf,Always Never,84576,"['canadian contemporary r&b', 'trap soul']",50,
0JFKmdLuTj0yZi9P05a85X,Teflon Sega,49246,['trap soul'],47,
4fLF7NyMYLaMxUmZCSp5ex,Johnny Yukon,39770,['trap soul'],41,
1mGW7MpR3kesskLHY3Q5WX,Jordan Hollywood,29282,['trap soul'],32,
7mDU6nMUJnOSY2Hkjz5oqM,Roy Woods,867765,"['canadian contemporary r&b', 'canadian hip hop', 'pop rap', 'r&b', 'trap', 'trap soul']",61,
0pkwrPVI8UyXtPkavyJoZ4,A.CHAL,157914,['trap soul'],50,
5exS0bytCYdixgv02DaCm3,William Singe,607053,"['chill r&b', 'pop', 'pop r&b', 'r&b', 'urban contemporary']",61,
0pghUohLPptZWBasy2wmUx,THEY.,288625,"['alternative r&b', 'trap soul', 'underground hip hop']",55,
6u3PN3PCsWLGsw1OffKQ2F,Lou Val,34639,"['alternative r&b', 'canadian contemporary r&b', 'indie r&b', 'trap soul']",43,
3fHjwMnkM9ov8CozqkYxWY,Ramriddlz,101861,"['canadian contemporary r&b', 'canadian hip hop', 'rap calme', 'trap soul']",42,
5aMIbwZQvP2MHPMVC5zCGj,ODIE,224526,"['alternative r&b', 'canadian contemporary r&b']",61,
12trz2INGglrKMzLmg0y2C,Emotional Oranges,228423,['alternative r&b'],55,
0nnBZ8FXWjG9wZgM2cpfeb,Leon Thomas,33193,['alternative r&b'],42,
1CgbNAF3Stnz1Tpipu3xdO,Elujay,67842,"['alternative r&b', 'cali rap', 'chill r&b', 'indie hip hop', 'indie r&b', 'indie soul', 'underground hip hop']",47,
3wVXTWabe3viT0jF7DfjOL,Vedo,329472,"['pop r&b', 'pop rap', 'r&b']",61,
44FcajG2fONeWG1KEy0DBt,Ginette Claudette,33969,"['alternative r&b', 'chill r&b', 'indie r&b', 'pop r&b']",30,
5uTsMjH1CdE81ncmOnE4WY,Haley Smalls,28808,['pop r&b'],32,
5BO8aIDUyNtvnq98qMIs85,Mack Wilds,48676,['alternative r&b'],29,
3QU8iTZ62Ah5tY3p59WMAR,Ré Lxuise,9594,['alternative r&b'],17,
7r2oyrNc0YjSC7hZL87V0Y,Ro James,251558,"['alternative r&b', 'pop r&b', 'r&b']",45,
0hhGFNFQrdE34ZYR1CaBYN,JVCK JAMES,32162,"['alternative r&b', 'chill r&b', 'indie r&b', 'pop r&b', 'trap soul', 'uk contemporary r&b']",48,
4WcJL1x8azi1Qkv4jc6fhH,Devvon Terrell,147027,['pop r&b'],46,
7t7KCNFOwuMChaQg6L8I69,Jacob Latimore,173572,"['pop r&b', 'r&b']",43,
74EhQOxqIuZSj1wsMLQabN,Lou Phelps,29178,['canadian hip hop'],41,
2kxP07DLgs4xlWz8YHlvfh,NIKI,1585443,"['indonesian r&b', 'pop']",72,
0hDjKSKjl1DC7ovYTDJHe8,Bruno Major,884759,['pop'],68,
0ENnerFBtqPaVUcHadXU2w,Hojean,111339,['chill r&b'],53,
1dPSMH55yhvjYIwqCP4iDj,Luke Chiang,163604,"['chill r&b', 'pop']",60,
5Z8UTQtTYNu5o5FA66LFgv,Jeremy Passion,155296,"['chill r&b', 'pop', 'pop soul']",55,
45iYm4bGYfT8nY4RxNBhlr,Jereena Montemayor,26372,"['bedroom soul', 'chill r&b']",53,
33crDRqANd3NQHJagZkQ7O,slchld,246046,"['alternative r&b', 'canadian contemporary r&b', 'chill r&b', 'pop']",58,
51KbY36mrjHRQwvSbel74l,Jesse Barrera,28995,['chill r&b'],53,
4FHtVj8v4il9h5HRQ4Ib3n,12AM,34856,"['canadian contemporary r&b', 'sad rap', 'trap soul']",44,
0nRWv1xU9ooWFExNxKTKef,sobhhï,27661,"['gulf hip hop', 'trap soul']",39,
1u92szWM3Un6rslftZUyTJ,K-Si Yang,12121,"['pop r&b', 'trap soul']",33,
0oXFTo5u9yH1zht6gIt4wY,pre kai ro,19694,['trap soul'],42,
1qkiRLdru6TQdeTX0PI1CP,N i G H T S,10199,[],33,
1lAvOODEAbUI5b51WRBbdx,Darci,75723,['trap soul'],61,
4RzbexUO843fc5SLqKEQCr,Aaryan Shah,71632,['trap soul'],61,
6i3sYlO1zUHf5IWHpXt4Sl,KALLITECHNIS,15382,"['alternative r&b', 'canadian contemporary r&b', 'indie r&b', 'montreal indie']",45,
3rTMj1pmRvXBfzAEIk9XX9,Patrick Paige II,26762,"['alternative r&b', 'indie r&b', 'indie soul']",36,
5RTLRtXjbXI2lSXc6jxlAz,Ravyn Lenae,306671,"['alternative r&b', 'escape room', 'indie r&b', 'indie soul', 'neo soul', 'r&b']",58,
4UodukR17NIQfNu5uaqm9B,Jamila Woods,186050,"['afrofuturism', 'alternative r&b', 'escape room', 'indie soul']",50,
4MjCR1UWWJTXBTw344yKr4,Ashlee,13130,[],42,
4vo5IKFugn33ytkc7xHvEk,Daniel Di Angelo,9676,['trap soul'],44,
3UzhllIYKcLay5xslYF85U,Dxvn.,9381,['trap soul'],43,
57VgMJ0yUybcQIppZESbw2,SWIM,4006,['trap soul'],34,
1DIr8qPcgJS50FFNfC3nnp,Honors,33711,['canadian contemporary r&b'],41,
1tJnPDE5oPDB6ZqMsCTTYx,PatrickReza,23274,['la pop'],46,
2iTUm1HTcazZpWGtCw5qAr,Elvis Drew,12932,[],54,
4AUPm9yTN47XYKXCJigth8,Boy Epic,64510,"['alt z', 'bossbeat', 'indie poptimism']",42,
3p2pMpzDerhMR4w2xZyHWg,Rosenfeld,73619,[],54,
2WHVbKysnJdhkB4VBWxC3v,King Kavalier,6093,[],52,
5FxD8fkQZ6KcsSYupDVoSO,Omar Apollo,505717,"['alternative r&b', 'bedroom pop', 'bedroom soul', 'indie r&b', 'pop', 'r&b']",66,
2efrqekWSHlvhATD50AG3m,Orion Sun,133338,"['alternative r&b', 'bedroom pop', 'chill r&b', 'indie r&b', 'indie soul']",53,
5XQRfs0gXs30aWUn1Umves,Choker,180654,"['alternative r&b', 'indie r&b', 'indie soul']",47,
00OF0nwYaoBSO3AnPVq3vE,Johnny Stimson,173491,"['chill r&b', 'pop']",56,
5S68VYXiXt6oq30pKqQAuV,Dane Amar,15640,"['asian american hip hop', 'chill r&b']",52,
6YloMIsWjpHzIRK8s5tzAr,Gabe Bondoc,74695,['chill r&b'],48,
0QGDb8TBWIT06W4BoyAggg,Finding Hope,196255,"['chill r&b', 'pop']",56,
7zrkFhYAp6dBxsydmJkouN,lullaboy,37015,['chill r&b'],54,
7KoTRIhjkIQy2L8RjWDpfF,Fern.,78334,"['chill r&b', 'opm', 'pinoy indie']",52,
7dOswEYzOtTMECumrZ3NHY,Teddy Adhitya,125183,"['indonesian indie', 'indonesian jazz', 'indonesian pop', 'indonesian singer-songwriter']",52,
5mqguTgtaoCMNMZD6txCh6,Phum Viphurit,428069,['bedroom pop'],56,
6UOV42aOSJ5YrbYzLIfLwr,Sun Rai,58338,[],42,
4uz19Fx4VF6BHhzmTuSCOR,Monica Karina,8779,"['indonesian pop', 'indonesian r&b']",37,
5Le7DsHESXGLb12JNKPpnR,Kurosuke,24734,['indonesian indie'],38,
3fy7EyjDaIZ3BNhNOv2jtQ,temp.,37692,['thai indie pop'],32,
6jIK3obS1fJqb3Vu74AYX3,H 3 F,45312,"['chill r&b', 'thai indie pop']",39,
64sY7LsUjNE3ifONkftTXC,ADOY,104396,"['k-indie', 'korean city pop', 'korean dream pop', 'korean electropop', 'korean indie rock']",44,
6bguntfj9ZnX1lFvSYl72d,Numcha,25898,"['chill r&b', 'thai indie pop']",44,
4PSlXQjt2u6ua1YxEsHfsQ,Rocketman,9402,[],38,
03vGezkHp9TYoKOtxZlUj4,Gym and Swim,36071,"['thai indie pop', 'thai indie rock']",32,
0YjEWrRKD9nBJfeF5eLdBd,Plastic Plastic,53114,"['thai indie pop', 'thai pop']",40,
4mr4X9nJC8DPlNukWbgAaI,HYBS,32370,[],54,
42BY4cYu4ZSj37CbSYjDgA,Coldiac,77390,"['indonesian indie', 'indonesian indie pop', 'indonesian pop', 'malang indie']",47,
1BHYRsFqV0ON7RUFM9qF2Q,Telex Telexs,67542,"['thai indie pop', 'thai pop']",34,
0Zoe6ljAJo85rggnN6OaOF,92914,167679,"['chill pop', 'chill r&b', 'korean indie folk']",48,
6x92tfaXHuPBctPxrfTeMY,Mondo Gascaro,58307,"['indonesian folk', 'indonesian indie', 'indonesian jazz', 'indonesian singer-songwriter']",35,
009SHiJ9rvFm3vNwL4SjZx,NYK,10880,['malaysian hip hop'],40,
6i6xQR652uL4FpGmUqZHOC,Lunadira,9087,['malaysian indie'],31,
6gYn1myEM7sARWIoT2AVWG,Ffion,3382,['singaporean pop'],28,
4wkxDp8esk6g2W9Fw7IQGY,Talitha.,11415,"['chill r&b', 'malaysian indie']",42,
5gQJetIU8Kv0bvDgAusFeO,David Soh,2289,"['chill r&b', 'pinoy indie']",27,
6hyHuSf5Ft5jkSCmTg1RNn,Sunday Moon,28320,"['chill r&b', 'k-indie']",34,
31TM5zBknJ7ZInbxnR0rlX,lewloh,11213,"['singaporean pop', 'singaporean singer-songwriter']",38,
5OCCRySomkXZXoE1JQ5Hkb,GARETH FERNANDEZ,2460,['singaporean pop'],30,
4VyJgkmyclZOaiKFmqX9jR,MFMF.,4597,['malay rap'],38,
330A2O2MYF4bWFjwM5PJ4z,Rangga Jones,3442,"['chill r&b', 'singaporean pop']",47,
5Mk3yOBlfweeKamsDiap8H,The Millennial Club,28373,"['chill r&b', 'hopebeat', 'la pop']",46,
4bNOdxc26omK0xR7FPucJn,Albert Posis,32098,"['chill r&b', 'hmong pop']",46,
6hsBCZQ02Rt2PIbXlGtEbA,Phe R.E.D.S,10595,"['chill r&b', 'korean r&b']",37,
1cEcF3RdBDSBjhF5Udcmdb,RUSSELL!,30007,"['asian american hip hop', 'chill r&b']",40,
6b7899n8Uz21dTYrABfFEO,Brian Puspos,20478,"['chill r&b', 'pinoy r&b']",30,
0WU77FbXaPSbcMcrOSJQXc,Adrian Milanio,3723,[],30,
5rYJsXiNw3NxHJfOxtmDuC,Michael Carreon,21124,['chill r&b'],43,
4egd57eyEccqfOkHxoQqAj,Justin Park,59952,['chill r&b'],47,
4wf83MgUJNKr3Th3MYBEOz,Z.Woods,6618,[],22,
0yMMqcIXDemFQUov9gt7TP,Jr Aquino,16691,"['chill r&b', 'hmong pop']",32,
3Qr0AOGNlUjOMXtNUPjVZA,P.Keys,5239,[],22,
38uXw6ZsDmlSwjnFyTGjmX,David So,20420,['chill r&b'],30,
5mqw4f8V3r2PBVKCKAkqiY,John Concepcion,11059,['chill r&b'],44,
44PkBtAQLIQ45IDNop6d78,Jake Hope,19792,"['canadian contemporary r&b', 'trap soul']",35,
7FIqXqYZHMomTAcTXF4UHu,Milky Day,27430,['chill r&b'],51,
2DVQ31vcIoRyOTbuMkOeWW,MIKA - INTERSECTION,6918,['chill r&b'],26,
22N3Z4kBeTk1ikXxHL4Pp5,jaesun,2097,['chill r&b'],27,
5dhseP7KiICmkxT5waM1Md,Jaylon Ashaun,18842,"['chill r&b', 'christian hip hop', 'christian trap']",39,
4RvgBTjECTDRsrvIL5Liip,Farrah,1897,"['chill r&b', 'indie r&b']",24,
40X7tXw4Tk4m5WFDfGJnZe,Sonny Zero,3791,['chill r&b'],43,
11BHuhJ2jEMPNJ3WpwZVT8,OuiOui,56222,"['chill r&b', 'k-indie', 'korean r&b']",42,
4J8BSoVR5I3Am5CxHMkqYj,BEVY MACO,21473,['korean r&b'],30,
76eIrOIqck4yuOhrYZGx3a,oceanfromtheblue,75032,"['chill r&b', 'korean r&b']",46,
2ud13noLktQvM72kgD2CgJ,McKay,21777,"['chill r&b', 'korean r&b']",43,
4UzNlDOUkNSs0Alm2VdKhu,Rheehab,35959,['korean r&b'],34,
3uo7KLyxuiANGmwDocxMnw,Nieah,12902,['korean r&b'],25,
7iWynR4oOvJpSKOAR3zazP,John OFA Rhee,24137,"['chill r&b', 'k-indie', 'korean singer-songwriter']",40,
6psIuXSnGPGKY93Wcj1qeW,FR:EDEN,23183,['korean r&b'],35,
2pZ83NwGQGiWxC3qJSTPBE,mj apanay,10227,['chill r&b'],41,
04GW9HXt9A5aPSNIVBf6m4,Eldon,11153,['chill r&b'],42,
3do4yL5zwMViERQIwA6KYp,Lukey,3946,['chill r&b'],34,
0b7yUYbKbidPYkoLNAN56k,Valentine,1143,"['chill r&b', 'indonesian lo-fi pop']",33,
1EXymL8zEdU5g62GiBfq6D,b/t,421,['chill r&b'],32,
4HUOgASUBk02azKAKwJEYb,Pluto Koi,7910,['chill r&b'],32,
4qaGGZulMdVRK7uDgGAaNq,Sweet The Kid,13367,"['chill r&b', 'korean r&b']",44,
1lyH1uo6D5uUqQ410sFZHn,mei quinn,1360,['chill r&b'],24,
7hekX76VovqQ9kRvHabHBl,Kenzo,820,['chill r&b'],13,
2X2X74NoNCXXaZb8F1HFs3,Jeffrey Owens,1744,['chill r&b'],25,
5EovY4LBurcmsfIdpNEtfq,SHN,1660,[],29,
76ZCgPpNcZEokvxJRFfSgr,LAYYI,932,['chill r&b'],27,
3sBC2tYJt3sFq6j1dPC5Bk,Estelle Fly,1228,['singaporean electronic'],27,
0bFyd1ptUSFAfhQOpLt9g1,Jason Yu,2482,['singaporean singer-songwriter'],28,
5IIP34JBy1d8kBYlAGnRaW,Linying,18101,"['singaporean pop', 'singaporean singer-songwriter']",41,
4HqIcgpeGKabzBYczmfFgZ,Pseudo,1916,['singaporean pop'],32,
4RnzpVhMevUeU16FlV4e3e,Valentina Ploy,12930,[],44,
53GouHDfCfsBJIn1OjYmPO,Benjamin Kheng,11108,['singaporean pop'],47,
6xRlQCMpg8bmkHlluqDF7Z,Devin Kennedy,6724,"['chill r&b', 'indie r&b']",46,
7kpJ5MncdSZT34B7X5TU8U,Rainlord.,12043,['chill r&b'],40,
5YPCpDIPOY4WqY9Bqdw4Uc,Jimmy Brown,79615,['chill r&b'],56,
6trEYfLSuAd9CS8bCy4sOH,demxntia,51757,"['chill r&b', 'emo rap', 'pop']",58,
2XBiI8PjCnjJ3XKWtiKcvc,brb.,61107,"['chill r&b', 'pop', 'singaporean pop']",57,
48JtfAggQQpfUXQNxkGm5U,Dept,87150,['chill r&b'],56,
2ncTglxMHKmCzBKckfzOEv,ALEPH,28932,"['k-indie', 'korean r&b']",38,
0Xdas0Cm8xqrnjUKIb6aLF,Seo actor,16022,['chill r&b'],41,
2YFBOR9KIxC6WqHclkj9Yq,Keke Palmer,571569,"['dance pop', 'pop', 'pop r&b', 'post-teen pop', 'r&b']",54,
4ULO7IGI3M2bo0Ap7B9h8a,Teyana Taylor,1463185,"['alternative r&b', 'dance pop', 'hip pop', 'neo soul', 'pop', 'pop r&b', 'pop rap', 'r&b', 'urban contemporary']",61,
5Vuvs6Py2JRU7WiFDVsI7J,Lucky Daye,401036,"['alternative r&b', 'indie r&b', 'pop', 'r&b']",69,
1FtBEIWAwvw5ymBen5GICR,Chlöe,169177,[],61,
1WCkk0zp3ukPnap26Ffe34,Sydney Renae,467228,['pop r&b'],41,
57LYzLEk2LcFghVwuWbcuS,Summer Walker,3679610,"['pop', 'r&b']",77,
2retT7MFwHDVTeGKDdybEx,K. Michelle,1503451,"['dance pop', 'hip pop', 'neo soul', 'pop r&b', 'r&b', 'urban contemporary']",48,
4v6XOdonnfpdTKTRJArG7v,Tink,755964,"['chicago rap', 'drill', 'pop', 'pop r&b', 'pop rap', 'r&b', 'trap queen']",59,
63bCkf4n15jiKjHhLV7kSZ,Niykee Heaton,468161,"['alt z', 'pop']",54,
5AtWO8IEnjhRLzaVVQxFUs,SoMo,675342,"['dance pop', 'pop', 'post-teen pop', 'r&b']",58,
1BhWF9W2PngtPSyobKg0rP,Pia Mia,1743926,"['dance pop', 'pop', 'pop r&b', 'post-teen pop', 'r&b', 'urban contemporary']",61,
6dROiL44pIQZVNZ6Bc0OJO,Pleasure P,1106822,"['hip pop', 'pop r&b', 'pop rap', 'r&b', 'trap', 'urban contemporary']",50,
7gWumE1wMALHXANLSIt054,Dreezy,659489,"['chicago rap', 'drill', 'escape room', 'pop r&b', 'r&b', 'trap queen']",54,
3feB1IF85It42sebtWSqws,Ann Marie,422262,"['pop r&b', 'r&b']",52,
030FjQpP38xhjIPyWgjmiv,Sonta,186998,['pop r&b'],49,
0KWcq2E8ejxp78jdfpCd4K,KeKe Wyatt,602248,"['contemporary r&b', 'hip pop', 'neo soul', 'pop r&b', 'r&b', 'urban contemporary']",47,
41I5xI04kixwmonDBl0Sda,King Combs,75978,"['cali rap', 'pop r&b']",50,
15Dh5PvHQj909E0RgAe0aN,Nivea,619791,"['atl hip hop', 'contemporary r&b', 'hip pop', 'pop r&b', 'r&b', 'urban contemporary']",46,
1EyK0glCKdNVaKjVxFOHCD,LeToya Luckett,419842,"['hip pop', 'pop r&b', 'r&b', 'urban contemporary']",32,
4p07QU02SrLsaORo25h2Lg,Sammie,495143,"['contemporary r&b', 'hip pop', 'pop r&b', 'pop rap', 'r&b', 'urban contemporary']",61,
5xenrbYhp4IRydrWpBe4Bx,LeToya,542045,"['hip pop', 'pop r&b', 'r&b', 'urban contemporary']",40,
0EgUow5z0SXVA9lunNSB1q,Verse Simmonds,194599,['pop r&b'],45,
1MT1Wz4G9Z9EVOg4L5zZMS,Tamar Braxton,994863,"['contemporary r&b', 'dance pop', 'hip pop', 'neo soul', 'pop r&b', 'r&b', 'urban contemporary']",46,
6Mox9P9U7HpuAd9ULwvP7N,Teairra Marí,237773,"['hip pop', 'pop r&b', 'r&b', 'urban contemporary']",31,
3CoW2DhcuWKs93YEjEY5Eq,Tiffany Evans,286036,"['hip pop', 'pop r&b', 'r&b', 'urban contemporary']",32,
7HO5fOXE4gh3lzZn64tX2E,Mariah the Scientist,99092,"['alternative r&b', 'chill r&b', 'indie r&b', 'pop rap', 'r&b']",55,
4udfTw7V8jI4AHi7PEfJfj,Melii,176823,"['pop r&b', 'r&b', 'rap latina', 'trap queen']",48,
4O2YL4ygn6eTBC0w1hyWUM,Melanie Fiona,758699,"['canadian pop', 'hip pop', 'neo soul', 'pop r&b', 'r&b', 'urban contemporary']",47,
3AuMNF8rQAKOzjYppFNAoB,Kelly Rowland,3114044,"['atl hip hop', 'dance pop', 'hip pop', 'neo soul', 'pop', 'pop r&b', 'pop rap', 'post-teen pop', 'r&b', 'urban contemporary']",65,
6lHL3ubAMgSasKjNqKb8HF,Mýa,1154297,"['contemporary r&b', 'dance pop', 'hip pop', 'neo soul', 'pop r&b', 'r&b', 'urban contemporary']",61,
7xAcVHPiirnUqfdqo0USb1,Fantasia,1705778,"['contemporary r&b', 'dance pop', 'hip pop', 'neo soul', 'pop r&b', 'quiet storm', 'r&b', 'urban contemporary']",55,
63wjoROpeh5f11Qm93UiJ1,Keri Hilson,1721954,"['dance pop', 'hip pop', 'pop', 'post-teen pop', 'r&b', 'urban contemporary']",67,
7zmk5lkmCMVvfvwF3H8FWC,Elle Varner,300790,"['hip pop', 'neo soul', 'pop r&b', 'r&b', 'urban contemporary']",42,
4woYaobeWQFBSGf9mtoAZ8,Tynisha Keli,208001,"['hip pop', 'pop r&b', 'urban contemporary']",35,
1c70yCa8sRgIiQxl3HOEFo,Cherish,521927,"['atl hip hop', 'dance pop', 'girl group', 'hip pop', 'r&b', 'southern hip hop', 'urban contemporary']",70,
1goOx6gnQdUllLfSMsL4Rt,Marques Houston,736147,"['contemporary r&b', 'hip pop', 'pop r&b', 'pop rap', 'r&b', 'urban contemporary']",49,
7dpKVB4mK3ufNdZOpMKtrd,DAY26,266996,"['boy band', 'contemporary r&b', 'hip pop', 'r&b', 'urban contemporary']",39,
7G6hXrjGpi6I7waNl4wxAk,J. Holiday,1376482,"['bassline', 'contemporary r&b', 'hip pop', 'neo soul', 'pop r&b', 'pop rap', 'r&b', 'urban contemporary']",52,
5DqmNLPM1kAbSBQk2FMm6b,Amanda Perez,421420,"['hip pop', 'pop r&b', 'r&b', 'urban contemporary']",42,
27FGXRNruFoOdf1vP8dqcH,Cassie,1282091,"['dance pop', 'hip pop', 'r&b', 'urban contemporary']",60,
6XwcepfAsPhrvwziGxhwju,Pretty Ricky,1389464,"['contemporary r&b', 'dance pop', 'gangster rap', 'hip hop', 'hip pop', 'miami hip hop', 'pop r&b', 'pop rap', 'r&b', 'rap', 'southern hip hop', 'trap', 'urban contemporary']",55,
1nSRa2YjjFWJLHGKM07oGQ,Blaque,410258,"['contemporary r&b', 'girl group', 'hip pop', 'r&b', 'urban contemporary']",45,
7jun6jJ4LOAQfx5gSs6mJX,Zae France,11159,['pop r&b'],46,
4U6sGpoCZvYkwmwB3VtRTW,Elliott Trent,46221,"['chill r&b', 'pop r&b', 'trap soul']",46,
76JyRfZDqhAIow2Awv91iW,B. Smyth,69106,['pop r&b'],43,
06s0Xoir4hPLHbeBhJBPBa,Ar'mon & Trey,341004,['pop r&b'],43,
1sXjt6XF2hUgabKoaksNu3,Nieman J,4013,['pop r&b'],42,
5GU7EEftOdxcqM7nPoXLwq,J.Howell,19103,['pop r&b'],38,
7g0SC4F149FUX5rKFuSpqL,India Shawn,29025,"['alternative r&b', 'chill r&b', 'indie r&b']",42,
4E7AV8mtElSjHZP3xA9kyU,Luke James,145675,"['alternative r&b', 'r&b']",41,
2tH6JDbrJ9de8CtKiF3jiO,Dontae Peeps,875,[],2,
1xBARhKI09ZTmeePVDWMCf,Rotimi,259815,"['pop r&b', 'pop rap', 'r&b', 'urban contemporary']",61,
5AuiTJResZoAbLJfdEClDF,Mike Winans,739,[],3,
59NO6KX7wQCG7jGdtH1NtL,Raheem DeVaughn,464903,"['contemporary r&b', 'hip hop', 'hip pop', 'neo soul', 'quiet storm', 'r&b', 'urban contemporary']",48,
2k1asY20M6KllWJJntHpeC,Dontae,3082,[],1,
1bfs95TqL5eMSGipzlThQs,Boniface,3236,"['deep r&b', 'louange']",11,
58fzPwxNFw1Ae500uB038l,Kinnship,19367,['vapor soul'],41,
3rtvvt1kuQ4luEWq8epaHD,Art School Girlfriend,24153,"['indie electropop', 'vapor soul', 'welsh indie']",37,
0IEPb9ily3E5IAYMSkwtQ6,Arctic Lake,42910,"['vapor pop', 'vapor soul']",53,
2JexLbBGkh1FnSWF1uoehP,Tusks,22924,"['indie folk', 'vapor soul']",36,
0VbDAlm2KUlKI5UhXRBKWp,Henry Green,57871,"['indie soul', 'vapor soul']",49,
4w0X9CxVeoMeDucb4QT6Zl,SLO,6383,['vapor soul'],34,
4GLzX588I9R2vs0nTHhD6Z,Mt. Wolf,36511,"['chamber pop', 'indie folk', 'vapor soul']",43,
62lbPZcnp95moF4T4afcPn,Leo Kalyan,15635,"['alternative r&b', 'vapor soul']",27,
1xkxEEm60IyknT2Eh469mX,Fyfe,43137,"['vapor pop', 'vapor soul']",38,
3oxkIoEAyXXQlLTZXlffLJ,Zola Blood,64060,"['electronica', 'vapor pop', 'vapor soul']",42,
0RDC2Krd2nmqseGx5C8PQz,Kllo,83281,"['alternative r&b', 'aussietronica', 'indie soul', 'vapor soul']",45,
0ypTT9UqAU5sZpPo5JZmjR,WILDES,21564,['british singer-songwriter'],34,
4xiByOtOqXPUQU9wV4sMUb,Abi Ocia,14152,[],31,
1BPsbKiNgav1TY1ITIU8C5,Benji Lewis,15726,"['electropop', 'indie electropop', 'vapor soul']",46,
5sWHDYs0csV6RS48xBl0tH,Two Feet,1619247,"['indie poptimism', 'modern rock', 'pop']",70,
49WBtnIs3VA1tHR7jQG1F6,Santino Le Saint,63012,"['trap soul', 'uk contemporary r&b']",55,
5zMJZTfga0uJURmLLymnoh,Late June,19561,"['future bass', 'vapor soul', 'vapor twitch']",40,
7ItbAZITSFxSy5LJChXe18,ford.,54444,"['indie electropop', 'vapor soul', 'vapor twitch']",50,
7AWqSYIArMX7XVqDIKW7Nw,Calper,2311,['alternative r&b'],30,
4YUBqnGDhH4JphZIhi9cdB,Laxcity,27544,"['future bass', 'vapor twitch']",42,
7rlI9s1CrQD5Gj4vRW1vvw,midnight,6318,['vapor soul'],30,
5x0R3zoC09GMiRJomoexLV,nimino,9104,"['new french touch', 'vapor soul', 'vapor twitch']",43,
5uz8HDS6eOsefdqSyMlTzi,On Planets,8621,"['future bass', 'indie electropop', 'vapor twitch']",39,
1eL4DVwObeAZjGOVjASAXd,Hanz,10713,['chillhop'],43,
6bJCrLZcvsBMzve04BmgwS,Golden Vessel,46261,"['aussietronica', 'indie electropop', 'indie soul', 'vapor soul', 'vapor twitch']",50,
59MDSNIYoOY0WRYuodzJPD,Duskus,33793,"['future bass', 'pop edm', 'vapor twitch']",42,
5iPtkyoEOCILhwFgl2a2d3,Bearcubs,40376,"['indie soul', 'vapor soul', 'vapor twitch']",44,
44hPDOKyTwkFxOL08UzNQE,Cabu,32469,"['alternative r&b', 'indie soul', 'vapor soul', 'vapor twitch']",49,
5oLxJrktO7kOEJANS6nkZB,Alex Lustig,35368,"['new french touch', 'tropical house', 'vapor soul', 'vapor twitch']",49,
7MlotYZhHjOlXcvmwrITj8,Tep No,91627,"['deep house', 'deep tropical house', 'indie poptimism', 'indie soul', 'new french touch', 'tropical house', 'vapor soul']",56,
7xEFii6utZmQ61kX59HmLH,FRENSHIP,174240,"['electropop', 'indie poptimism', 'la pop', 'pop', 'pop dance', 'pop rock', 'tropical house']",54,
1Xq5wasmlEwC6TqCqJtP5o,Attom,34508,"['future bass', 'new french touch', 'tropical house', 'vapor soul', 'vapor twitch']",49,
01qbSocTDAe2DmKayS89A5,pluko,54502,"['bass trap', 'edm', 'electronic trap', 'electropop', 'future bass', 'vapor twitch']",46,
4aCkc4HrwC4Dopig7RELoH,Kidswaste,44206,"['electropop', 'future bass', 'indie electropop', 'indie poptimism', 'vapor soul', 'vapor twitch']",45,
0lIIsJafIVVi3ruN2vFzpS,Moglii,35248,['vapor soul'],47,
3EpmmPtV7DduqNmeqaADIm,Astronomyy,78285,"['indie poptimism', 'vapor pop', 'vapor soul']",45,
58hqTaCiqGrMsNmmm3qL7w,Bree Runway,103588,"['alternative r&b', 'dance pop', 'electropop', 'escape room', 'pop', 'r&b']",53,
06xa1OLBsMQJFXcl2tQkH4,Machinedrum,101067,"['footwork', 'future bass', 'glitch', 'glitch hop', 'halftime dnb', 'intelligent dance music', 'minimal dnb', 'uk bass', 'vapor twitch', 'wonky']",45,
4mErKO4g29SXtBwj4S80aB,rum.gold,36921,"['alternative r&b', 'chill r&b', 'indie r&b']",45,
2qDIR2WlcW3llkGqJWg9VJ,Lolo Zouaï,182762,['pop'],52,
4nJPiUgLhO1HcK13jBkAqX,fika,6138,"['chill pop', 'indie r&b']",39,
0zMOuBo9Jxo4JvgH2IHdHO,Isaac Lewis,4742,['bedroom soul'],34,
5gRGeLfkGBsUOv9aJieEey,MOSSS,18985,"['chill pop', 'vapor soul']",40,
448VwSmqc6SpRDqK5WYXIt,Bronze Whale,15790,"['electropop', 'future bass', 'indie electropop', 'vapor soul', 'vapor twitch']",43,
6YUQJ6WF4FGDqqBQ1LTjL6,Kamaliza,6232,[],41,
6wa2PiIWrIhhz6lRQEGQpO,Pastel,17635,"['indie r&b', 'indie soul', 'new french touch']",45,
65FPMBREZBLfEDpkHlm8sS,Alex Siegel,7024,['bedroom pop'],32,
0iNbKy7QdMWxWgM6rTiNLn,Shute,499,['indie r&b'],32,
5xQb0BbEHtS2lrlIVtyd6I,Jaspa,1173,['chill pop'],21,
52flspAUwzY59cow3QC53f,JVLY,1982,['australian electropop'],26,
5uXWOfu1kA8mQ9bUp5GgxT,daste.,5160,[],36,
0hySaVBazHTHIRvnsxGvHx,Matt Ryder,2836,[],31,
0l1FsvHkN4xgx2Y10YTz9F,Zero Divide,67,[],0,
4KR4MT1Q99ae1aSkE1TebZ,Trop Tard,1209,"['french post-punk', 'gothic post-punk']",0,
3RHIJ1qBgcPSIhFcKhUT47,Promemoria,105,[],0,
1fvpFqZdHZ2N5JAscr1YS7,Dazibao,256,['flemish folk'],0,
2SjjGx4gvz5lbpCwj6E5hG,Without Sense,68,[],0,
540dP6NQ0elSKYH0eiZnVC,Smirnov,42,[],0,
4O8Gwzz8YZMBOnK7diEwmT,Flue,80,[],0,
4IDq91WAdNAGyMCZASptL1,Panoramas,25,[],0,
5FswpcflRoEz61S6DMHxfn,International Sin,34,[],0,
4yvfI7iywUgawOZF6weDfk,Cold Phoenix,569,"['gothic post-punk', 'italian gothic']",1,
0dvdngm0WZX3GFfsD4zWmC,Billie Black,12832,"['alternative r&b', 'vapor soul']",31,
1CbIMDSIsp5PgCZI7h9hS8,Suicide Dada,126,['italian new wave'],0,
173wMRubTW7g208ZRpzFpu,Seth XVI,9959,"['electro-pop francais', 'new french touch']",40,
2pts5B2shsEtIVC4onTFKb,Zimmer,45021,"['indie soul', 'new french touch', 'nu disco', 'vapor soul']",48,
2ziSUHAT6LbHKCJIlwHhDG,Camel Power Club,42198,"['french indietronica', 'new french touch']",46,
41Ue54Vb6iWx2dcdRCM6oH,Kazy Lambist,91850,"['french indie pop', 'french indietronica', 'indie soul', 'new french touch', 'tropical house']",50,
1FTFy5sAOlZpN6GY6s9VLh,Fellini Félin,23385,"['french indie pop', 'french indietronica', 'indie soul', 'new french touch']",43,
2OIJq28O1lXrZ2x3NGSk8P,Pablo Nouvelle,35634,"['swiss indie', 'vapor soul']",44,
7b04D0yLktCUpvxQBhmG7R,LEISURE,142503,"['auckland indie', 'indie soul', 'vapor soul']",56,
1T2WeXEi0XlZiPpjjDAY0L,Her,155342,"['french indie pop', 'french indietronica', 'indie soul', 'new french touch', 'rennes indie']",48,
4zAOqBfNLyWFvj1e3yvypJ,Catching Flies,61280,"['downtempo', 'electronica', 'indie dream pop', 'indie soul', 'vapor soul']",53,
34P1IGH1mIqdaVkfRuTebV,IHF,37734,"['future bass', 'vapor soul', 'vapor twitch']",43,
3zaxUd86U92CdZkNa6NUo9,Ark Patrol,80064,"['future bass', 'vapor soul', 'vapor twitch']",54,
13Kd75NSHSp9lB4CaqPMOV,Ta-ku,220532,"['alternative r&b', 'ambeat', 'vapor twitch']",50,
76QHVIjgqlkWB9LNGliman,Joe Hertz,74672,"['alternative r&b', 'indie soul', 'new french touch', 'uk contemporary r&b']",48,
5KbEFz293OMDqqk9ajZKZV,vbnd,33857,"['chill r&b', 'indie r&b', 'indie soul', 'vapor twitch']",42,
62vbsDRAq0qHdezaCOzB0T,Medasin,107241,"['edm', 'electronic trap', 'future bass', 'indie soul', 'vapor soul', 'vapor twitch']",54,
4kubsO16bEfCADaVUyoYb6,Giraffage,111124,"['chillwave', 'future bass', 'indie dream pop', 'vapor soul', 'vapor twitch']",48,
7e3FtKBIPLrIVm8g1FJMVg,Sango,176753,"['abstract beats', 'alternative r&b', 'indie soul', 'vapor twitch']",49,
4IwM0dNvhWqqtsTyulxe2K,53 Thieves,60589,['chill pop'],47,
5rBFU1rhgs1nNghopuj9k8,((( O ))),86275,"['experimental hip hop', 'indie soul']",57,
0GG2cWaonE4JPrjcCCQ1EG,SG Lewis,287243,"['alternative r&b', 'indie soul', 'new french touch', 'uk dance']",62,
79ffq2PHS5TDmgnHhAyudW,Louis Futon,67564,"['electropop', 'future bass', 'vapor soul', 'vapor twitch']",45,
538d30rb03lrsD9u8Yipar,June Marieezy,57844,"['alternative r&b', 'pinoy r&b']",39,
4p75GTNEXwsAAkpweMVtKo,monte booker,108902,['viral rap'],47,
7vMpNua6oKT52WWHNUJ1No,Jonn Hart,71605,"['pop r&b', 'pop rap', 'slow game']",41,
2GEcMpeGIad5O23WxDRFMn,Rico Love,120391,['pop r&b'],42,
2DLlb2Se6eF0mMTYffyAcn,IAMNOBODI,44152,"['alternative r&b', 'indie r&b', 'indie soul', 'vapor twitch']",44,
2inX1svE5swPuIBIJdrFyo,Noah Slee,38393,['indie soul'],40,
02zPEtdzUWnPToEVLRiQ7e,Madison McFerrin,55629,"['a cappella', 'alternative r&b', 'indie jazz', 'indie r&b', 'indie soul']",46,
2aUr9B6iwO3eYiEHJIpB0M,Kwaku Asante,15262,"['alternative r&b', 'chill r&b', 'indie r&b', 'indie soul', 'uk contemporary r&b']",43,
49NfOTfSPhrb0sJBVYS1iM,Marie Dahlstrom,17514,"['alternative r&b', 'chill r&b', 'indie r&b', 'indie soul', 'neo r&b', 'uk contemporary r&b']",44,
5tA28joO5iZ0eCnvyctqRH,Reuben James,17809,"['alternative r&b', 'chill r&b', 'indie r&b', 'indie soul', 'neo r&b', 'uk contemporary r&b']",44,
3w3vmT2hRskRBwDZdjUlAp,Jerome Thomas,15183,"['alternative r&b', 'chill r&b', 'indie r&b', 'indie soul', 'neo r&b', 'uk contemporary r&b']",36,
3BBN1P1JNw0sSdYEdBkOZK,Bathe,7374,"['alternative r&b', 'chill r&b', 'experimental r&b', 'indie r&b']",40,
19Fi1Rj7kk8kyiwxpXy3yM,August Alsina,2346081,"['pop r&b', 'pop rap', 'r&b', 'trap', 'urban contemporary']",62,
