id,name,neighbours,out_degree,genres
73rPcaYEhBd0UuVZBqqyQJ,The Happy Fits,"['6wnSPJpmVKFcn1TpRl5Uli', '1MIe1z4RdqLqHSJsb7EBMm', '4OTFxPi5CtWyj1NThDe6z5', '1anAI9P9iSzc9qzLv6AtHZ', '6Bllzm0olEwqGwPujaLiuA', '2FRXiAz5Uz78LLLSwEUhLt', '5CXdWANGwYYRPClH6hhC0P', '48PAAxWdIDbA4WHkHjgsEv', '0L8jXe7QeS9oYUoXbANmX4', '5Lm1CMoa8VOCBCLZesAcvc', '7vtSUU3zpHeYJfX6BPNrJd', '6ZUjdwG0NvY6MT7vvmluhV', '1EEbOYIZFHRuGEgL39cN3s', '33NScerSaBJ9Y1YndrE5sL', '0YhUSm86okLWldQVwJkLlP', '29TCgxO6qzQx4O3pjUIMzn', '7sOR7gk6XUlGnxj3p9F54k', '6R664N4cEza3eORSqKSgO4', '458aS6ALc3QkzwfR5USt34', '2qmjAtWVjMPWHHDdWilU6a']",20,"['indie pop', 'modern folk rock', 'modern rock', 'new jersey indie']"
2garjIdgTW5i89s4Z3UT72,Andrew Garfield,"['6mXcTwoata1hkaDMbkzw32', '6RKS67sIPOW16NcGWkgdzF', '1K4JaQe0NkO2DRQJUXO7ry', '7i3os1iEWOn5UpaylRiMw5', '0t48kDWWLiHxareyz1cOm1', '3OPl8pWnz8rdYTiaNQ0eMv', '0vKWxtht5v5MoAu4DID0Ub', '3mXvO1rdMCgdOYNiWeduWG', '4okEmrM2O6CEW6en3fRWUy', '0bvwPCit9Yh0yVdLKGnXRi', '3b3GjhElzysJ0xS72u9u9k', '7abCELr0U2E5K2nPjVtWkN', '4RstfTHwF4J7ifhpXaaYjo', '6DQwC1hPrwv3JRmvxONCoZ', '0vtjXmCLNmJti4fJ5dBhxc', '5gGhRZgP9BJL9fsFdvTzeX', '0yac03Stzfyoukz2361kU7', '2JymsYVZ5c5prv9mOdPB3p', '7qDUWeBzKcDnh15yhYBf2U', '2praUrFAMThqstqmD6faQn']",20,"['hollywood', 'pop']"
6RKS67sIPOW16NcGWkgdzF,Alexandra Shipp,"['6mXcTwoata1hkaDMbkzw32', '7i3os1iEWOn5UpaylRiMw5', '0t48kDWWLiHxareyz1cOm1', '2garjIdgTW5i89s4Z3UT72', '1K4JaQe0NkO2DRQJUXO7ry', '3OPl8pWnz8rdYTiaNQ0eMv', '1Np9GsrPO7dlczjvdehBxs', '5gGhRZgP9BJL9fsFdvTzeX', '0bvwPCit9Yh0yVdLKGnXRi', '4vLVxKPowMj14Ou1NNUxuc', '0yac03Stzfyoukz2361kU7', '0vKWxtht5v5MoAu4DID0Ub', '2xBOCZLKP7FMXK2dyO5hIe', '4RstfTHwF4J7ifhpXaaYjo', '4okEmrM2O6CEW6en3fRWUy', '7ejlBSnnDMNIhEcL7MN868', '0kvp9mzfvoXvGtjSWTgrEb', '0K4yOpgMzCzZmi8sxtUIVS', '782wocBbKLROLTSPViayHH', '6BeO1KuAWBqFriL1mLHtNc']",20,"['hollywood', 'pop']"
0HthCchcL0kVLHTr113Vk1,mxmtoon,"['21TinSsF5ytwsfdyz5VSVS', '2hR4h1Cao2ueuI7Cx9c7V8', '35l9BRT7MXmM8bv2WDQiyB', '0ZUvK7zGdXLd78mQr3t1Tw', '2BL3PP6aTKJ1jqbRgfQa71', '7sOR7gk6XUlGnxj3p9F54k', '1vkWdqcabQ1swciXipkLBj', '4Uc8Dsxct0oMqx0P6i60ea', '0dn62y7ayEAxcIcMcBWXIE', '1yNIb413Bmfs2ZBVuPp9kC', '5DD5GZd4ElmQTy9NleMvKJ', '7gvbCoLA8lJUktp8G2xIRR', '5sH4dr4r46Vm0Qu84PAYvk', '0Raaw7kr1Vzat4ZvHzjsJR', '3P4vW5tzQvmuoNaFQqzy9q', '3ajf12ub55b51qcS94d9Co', '2vnB6tuQMaQpORiRdvXF9H', '2G8UkPZnQ8i78L8TfqP1X6', '0NIPkIjTV8mB795yEIiPYL', '39EIRTZx1JjfeDLVdbj2ap']",20,"['lo-fi beats', 'lo-fi chill', 'sad lo-fi']"
4ZeB1hzT2mSZrf7wszOqHs,Mating Ritual,"['3cohAS2UQTaOo80kCn8qjT', '7FhRUp59cBzPaxobsRY1Nc', '2OK16hAFRHoJiFZKeZe8A8', '3wKj5PmSpnrtz9n9hG2QCA', '4YlhxCoA1qEgTHoOBaKu1t', '7tnWJfXaJmFO6vv5WFN2K0', '67Dg546QfThu4PuanvFD8y', '0oiS9wyrwFOAvNhYhP3udG', '5ApQnMT6oR8eLguf24xb9S', '32Ko3nL0210QAt14S3Rs4Y', '0m34JtkojthW5WYugFm0e3', '3pQXFWbvLit77NpvNmOo3k', '21MZoYDTcbPsC5crOQVqho', '1XyjBsbZBunXsYDTkaYtk9', '2Nvaq4y2ygxIqfwXyz0HeH', '5FE0B5zV9y7T5OzkiDkBG8', '0NTqSkdyIji6DuHVac7ROJ', '3IaqL9bsZtYJkqNLiovVho', '5vvvgOwPjA4R5t07ZXLLwZ', '5VsOThWOagH8C8gCvIy13k']",20,"['indie poptimism', 'modern alternative rock', 'shimmer pop', 'vapor soul']"
0ZED1XzwlLHW4ZaG4lOT6m,Julia Michaels,"['2kRfqPViCqYdSGhYSM9R0Q', '5p7f24Rk5HkUZsaS3BLG5F', '1Xylc3o4UrD53lo9CvFvVg', '1o2NpYGqHiCq7FoiYdyd1x', '3AVfmawzu83sp94QW7CEGm', '1QRj3hoop9Mv5VvHQkwPEp', '0uGk2czvcpWQA383Im6ajf', '7LImGq5KnzQobZciDJpeJb', '1l8Fu6IkuTP0U5QetQJ5Xt', '6sFHvCyqklnJpXC9Nh1aag', '2wUjUUtkb5lvLKcGKsKqsR', '1BhWF9W2PngtPSyobKg0rP', '5qa31A9HySw3T7MKWI9bGg', '6dn6x1XOng3LOAnfTjUn77', '3mPc8WGusz2XF3Tvs3AKCR', '6Dd3NScHWwnW6obMFbl1BH', '4JNfz6aO9ZFz0gp5GY88am', '188VINPQh5dyNfLUkevKqf', '5xkAtLTf309LAGZTbvULBn', '74KM79TiuVKeVCqs8QtB0B']",20,"['alt z', 'dance pop', 'electropop', 'pop', 'post-teen pop']"
3nVeK8gQChVtVCCjGreal2,Tim Halperin,"['6z29S0IoiBJpSMP8plyCj7', '5zeCSgiRyezbfLiGOpKAsR', '7hbH1qupmU6HxVBjWJItlq', '6JVRYNneRsYNInT4TNr5vU', '2SqgsdjQfoeGLl8Zq2O5aE', '4NGiEU3Pkd8ASRyQR30jcA', '39x8gyJjTHiBQklFgVJSV4', '3bCmhyXqTr9ZNGlHNYNTFA', '2aIPQyKrN3oVev1kHudiai', '7oAskcd3mX9ZzxMPFHYqoN', '5Hc9oDGvStNGmnj44m8sHg', '4AapPt7H6bGH4i7chTulpI', '3J28FLi8jjXtUGWf69cP7I', '1BJ81QRILzVFcTt8fmqN9r', '17EpO9pUubOAhnTopBgQYR', '2PCUhxD40qlMqsKHjTZD2e', '2xotqeudHAi6eXva57U5nK', '4FCvYJ06Q8c4AScPG501KY', '4s6YWKUwngB7oxE6CPWsW2', '6TdfKQvrdHZdr4DIzjuWOr']",20,"['indiecoustica', 'neo mellow']"
0pwyD6DhbFWn8uVSz2Fr0w,The Summer Set,"['3kYFawNQVZ00FQbgs4rVBe', '7MRDkEKtdsGcYn11A4qgUL', '09J4zbHHwNNlN2tfgJIg21', '1IpSmgcN9F3KNa7j9JtAE4', '4frytKnOBrer4QVPWynGtX', '1NU9Em6e8dDo36Js6nEo3t', '0dJavJ67sIQ58Lodldmnev', '4o0pNHbyj36LPvukNqEug0', '4bQns2oAu4mwPsk3bmm7Jl', '2C2sVVXanbOpymYBMpsi89', '3LVtZP0UUtY35ptAnntYsT', '3ao3jf5d70Tf4fPh2bnXVl', '1BSXtdFlVDUOS6g1T3tmME', '0abIHznUj0oKhDB29cpBZ9', '7DS32FizWDYqYkzR7K8u9n', '6jTnHxhb6cDCaCu4rdvsQ0', '1hUu9kCZgPEnhpKQCB2Mts', '6wQMF27xWhSyJFnO9L5mQk', '7AsPubxWM5tfW4hTZEL3aP', '6we2CCxymhh4v30lZRhhpa']",20,"['neon pop punk', 'piano rock', 'pop emo', 'pop punk', 'pop rock', 'post-teen pop']"
3uwAm6vQy7kWPS2bciKWx9,girl in red,"['35l9BRT7MXmM8bv2WDQiyB', '0HthCchcL0kVLHTr113Vk1', '0ZUvK7zGdXLd78mQr3t1Tw', '2hR4h1Cao2ueuI7Cx9c7V8', '0NIPkIjTV8mB795yEIiPYL', '2G8UkPZnQ8i78L8TfqP1X6', '1vkWdqcabQ1swciXipkLBj', '3P4vW5tzQvmuoNaFQqzy9q', '2vnB6tuQMaQpORiRdvXF9H', '6rniTPs9zN26kYnkPdFl1U', '21TinSsF5ytwsfdyz5VSVS', '6P5NO5hzJbuOqSdyPB7SJM', '3l0CmX0FuQjFxr8SK7Vqag', '3u6lPufHw4Oww6D88rv6sB', '0qZyvjwZauLmrobrpJmvib', '12j6dJrPXanCBwY599pZxf', '0m5FakHKCQdA7UN0PIzMcL', '6zQlhM6cyJRrzuqAbB8PlB', '6beUvFUlKliUYJdLOXNj9C', '1yNIb413Bmfs2ZBVuPp9kC']",20,"['bedroom pop', 'bubblegrunge', 'indie pop', 'norwegian indie', 'pop']"
0nJaMZM8paoA5HEUTUXPqi,Bear's Den,"['0XHM5ZNJDU8e4CfbWMeSzC', '0lSENl3bteP8p2NbiSP7RM', '0z9hynUsIjf0ddI4uHqPWX', '7D5oTJSXSHf51auG0106CQ', '44M8i4BCwuBbmcQWwMaOfH', '78CiW0UJbHspFaVuVexOK6', '3Lw97gGh8bp1MftsYmwJHG', '7FDlvgcodNfC0IBdWevl4u', '6vUNwmljZAcn7tNtUoxG45', '3ccVtqcqedranb7y8eywJ5', '7zOuMHqRJ6YOMnCGpLfuTU', '5Smb3KB29epOb92Btsxulb', '0syIRg9MPSpJIC0QCPUaHB', '4bUqnkrDrb4f7rqmDR9yDu', '2XdtmipGVPmA62ptDgX8QC', '1slZr3FGlh153jH8xW6SNa', '1OVaGC0CDZaxjcPxclSNmp', '5Ld19xtpAR80G2boTcHaVx', '3x8FbPjh2Qz55XMdE2Yalj', '0j7wLGDwHdUSPLkxCH3GBQ']",20,"['folk-pop', 'indie folk', 'stomp and flutter', 'stomp and holler', 'uk americana']"
1vnh2cDW2CgA5M1ya95mZG,Sarah and the Sundays,"['6mpyU2azr3zfZDY9k8w5GP', '5e4mQ2QunM3CN88XI65i7V', '7FKTg75ADVMZgY3P9ZMRtH', '3kE0TeA4n6FZD1UG6ctB0m', '57Wc6hKk68L1KrjdA3Z8cd', '4TgfkZEpcjkYgRBKeqy1Mh', '23E65IfLBGQv0FBrMwCcG2', '58bPSgeKpyyFlJ9LatULIO', '6Bllzm0olEwqGwPujaLiuA', '6FmiNnTXQJTmOMAx4kB38R', '1MIe1z4RdqLqHSJsb7EBMm', '5vh3TBzvI4nASt2A1KfgcR', '6wnSPJpmVKFcn1TpRl5Uli', '0xPoVNPnxIIUS1vrxAYV00', '3pIwImfumJioKb0zHHP61x', '7A47sEe0ih6WpKmNCRMu86', '3uwUtL5kPSO2mpOhU4SiWz', '6d6ts87Fxm1EdULf4CaLw4', '2zautAwUDuz4oyCf7N9Hfv', '5CXdWANGwYYRPClH6hhC0P']",20,"['connecticut indie', 'indie pop', 'modern rock']"
5Lm1CMoa8VOCBCLZesAcvc,Autoheart,"['2EKivSL60fyjAIr4Cf24P4', '4gWHzVecopuToiIrbMPbIB', '06xhroYsj0EgmhYpUmIjer', '73rPcaYEhBd0UuVZBqqyQJ', '2FRXiAz5Uz78LLLSwEUhLt', '6hV6oxGLeLFw17DGjIPkYD', '5U6leWxYKsuTkd4kXcF1a6', '16lGevDffmuRakKVvdJ983', '0PftqT3Gvj1IszkeRLHK9G', '3NhMdYv1pNWHQZruHqs4FY', '2qmjAtWVjMPWHHDdWilU6a', '5iMYu8Sj8dZEDsWJxSFwPP', '3AFsnAC0H9hes71BeRypbq', '2Oboq4Pq88TcC9eUn2HSW9', '6LipWEhF4zwwRY8hFtCQHc', '13pwqHspIhcy1IcAooefso', '2qU0jqxiFeXrw5NTV1bIQM', '39XOEoh22kWNy5vsEZbAuX', '1lB1PYgXtW8eHbKhR9RV2A', '33NScerSaBJ9Y1YndrE5sL']",20,"['hopebeat', 'indie pop']"
7D25zMq1tDmT0nfh6ieYph,Cate,"['2ba5BHaaNzyzG5ZEfKXIF2', '0eYsDVXAe2mc4F8QrBLHAq', '2gI1WfmpFmmgSRojy4Jup2', '2bp65KnFOIsIosBoqPzvNL', '2u2MvYsk6gZY0Khn9SAMeO', '7fEXIS5LgSLbCdzTePqe0V', '6xd3ACm5Dgf2Znj8abDUrd', '0Ey8TMIVvT6OSYiblEuyMh', '7aO285xSsCbjy0q9zEqXEk', '1JLf53adsPkYiAQPir2Fn3', '7Ez6lTtSMjMf2YSYpukP1I', '5dtPlx7yKOo7KdZGyrfFIq', '1Yy2yWVOAmDAxY7gWgYghv', '4LOM7NzyrZvlGSYPFDsnTk', '3E6TQHXjqR21vX9H0c5mOv', '1Zi1c8sWZTy5rDiN3lAuEj', '4pZOG8ump4odtJJA4Cy7S8', '4NIPR04MgEH0K5uv8Gn7ek', '1mUvCFjlnNilmIebNqKYo8', '6kDXH8d9LugUAsHIozzDAI']",20,"['dance pop', 'girl group', 'hip pop', 'pop', 'r&b', 'urban contemporary']"
5PUjuECa4PgAJ4wpKSLpfA,Ivory Hours,"['7hd3XnjENIMw13Dmn8hEYw', '5Sn2NCUwSsrdyQRViGvsV4', '0DoNSZa1R1DV69oY1djlbf', '6yKG2IQiDrd3KM79Gcuzug', '4b9JkwX45V6jNi9rtqyqsU', '0iy6OoJOCMcDZAovtiaCaZ', '52G6EB7xvVYA8IzF1T335g', '25j8ur3jsyWAY11dB5QpHD', '70fUpxdAr6t0LJw3xJmMhm', '4YrER0Q2EfYJ3RqHfzlnSi', '3AqJEHlSivoMSqsVYQ595n', '6jd6gjhHdHTnDImmOombpK', '6rqctFxBwSTjweKb3cBCCu', '425xk4XC4D4brNrWE4Rfhd', '5QfCoEbmfpFr7pti9MVaGo', '0M8upUM1eHBV8q34qCbqSq', '3uEnRPYLuArz4wKLdsqZ3l', '5MJRmOUoZK7vJxcvsXYdQQ', '6VsE82GTo7eDAW9XaDO7wD', '3RthMq3xfDQZl80cMEg1JQ']",20,"['indie rockism', 'london on indie', 'ontario indie']"
4musCItyvLBJYaHClwbTLd,Luke Roes,['5PUjuECa4PgAJ4wpKSLpfA'],1,"['indie rockism', 'london on indie', 'ontario indie']"
0p4nmQO2msCgU4IF37Wi3j,Avril Lavigne,"['1dIdBZaaHRW2bDTkHNfWln', '5wugb0kaq0J6nyQ5Xgd17i', '2S9W9aSAd7e5mp8WqWxN2h', '6dJeKm76NjfXBNTpHmOhfO', '6LqNN22kT3074XbTVUrhzX', '4hqDqHtBlgxXpLXVYf7c8L', '3BmGtnKgCSGYIUhmivXKWX', '2ddxtfC0oS8LoktXUHE7YL', '6sFIWsNpZYqfjUpaCgueju', '2AQjGvtT0pFYfxR3neFcvz', '4m4SfDVbF5wxrwEjDKgi4k', '2Hjj68yyUPiC0HKEOigcEp', '7nU4hB040gTmHm45YYMvqc', '5rScKX1Sh1U67meeUyTGwk', '4vRSocKbGh7PsQrYRDVMEF', '6S2OmqARrzebs0tKUEyXyp', '5xuNBZoM7z1Vv8IQ6uM0p6', '7o95ZoZt5ZYn31e9z1Hc0a', '5YGY8feqx7naU7z4HrwZM6', '26dSoYclwsYLMAKD3tpOr4']",20,"['canadian pop', 'candy pop', 'dance pop', 'pop', 'post-teen pop']"
1WgXqy2Dd70QQOU7Ay074N,AURORA,"['3NABmtfO8G8s96WFGhbR7F', '2N0vFuOoMtAQfBmhsRo24e', '6J3RPKUwZlKMzh3vWa9wPc', '5awQWdBpLqN2KFVRN8w56T', '4z8b5SYZ8wTfMWaJNTY6B6', '0wnYgCeP013HkKoOyC5V32', '54KCNI7URCrG6yjQK3Ukow', '6e3pZKXUxrPfnUPJ960Hd9', '6YtMPqKR0zhZ5OPv3RrJNx', '647D92XNDYTUt5A0idePJ4', '4TrraAsitQKl821DQY42cZ', '0YN64WuO9KaKCUbTx8hNd0', '100sLnojEpcadRx4edEBA6', '3XC57xz74X3xUi1hv4mge1', '4cXE1g28uYrIaUisUx5cJt', '1rKrEdI6GKirxWHxIUPYms', '5kjb55jtwPnbYXXDvP4x7R', '3ajf12ub55b51qcS94d9Co', '02YLJJnWC7YQVixkjEBRn7', '5DGJC3n9DS0Y9eY5ul9y0O']",20,[]
5DD5GZd4ElmQTy9NleMvKJ,Tessa Violet,"['21TinSsF5ytwsfdyz5VSVS', '7sOR7gk6XUlGnxj3p9F54k', '3P4vW5tzQvmuoNaFQqzy9q', '0HthCchcL0kVLHTr113Vk1', '2BL3PP6aTKJ1jqbRgfQa71', '0Raaw7kr1Vzat4ZvHzjsJR', '0ZUvK7zGdXLd78mQr3t1Tw', '4OTFxPi5CtWyj1NThDe6z5', '2hR4h1Cao2ueuI7Cx9c7V8', '3ajf12ub55b51qcS94d9Co', '4dAQ5VFw5nhwA6rTf3ENQ2', '13VunSzrVSmJBpUWxUajJF', '3YO2a6i2cfdFbgxk2HDfPe', '5sH4dr4r46Vm0Qu84PAYvk', '2NqeFgy0ual6Abk5hd0xxi', '2FRXiAz5Uz78LLLSwEUhLt', '33NScerSaBJ9Y1YndrE5sL', '6beUvFUlKliUYJdLOXNj9C', '22qLnGc8B1btqty6d0Qnlm', '2vnB6tuQMaQpORiRdvXF9H']",20,"['alt z', 'indie pop']"
4KJ6jujcNPzOyhdNoiNftp,lovelytheband,"['0szWPxzzE8DVEfXFRCLBUb', '5rebfYbZVIhbRVcRKWVOAh', '7xSEWLsywYbocdtt3xsQsU', '5ApQnMT6oR8eLguf24xb9S', '6Xa4nbrSTfbioA4lLShbjh', '0m34JtkojthW5WYugFm0e3', '6lcBiGiT3dlyDMjBBtfyfS', '1jNnM5dm7dzt16IocWCvJc', '4hwJwkgsufeilLXS1ZfJqq', '5DK8eK7fjvRsziXzyr3sFA', '67Dg546QfThu4PuanvFD8y', '716ZwtZBmwROBXcFmCzfdM', '4OTFxPi5CtWyj1NThDe6z5', '2OK16hAFRHoJiFZKeZe8A8', '6R664N4cEza3eORSqKSgO4', '2Vvj76fff5uAw10W1sW54W', '3DFoVPonoAAt4EZ1FEI8ue', '3qDMrpZHtZEtVl5i1l7hP3', '1Tdg7NIdyWx9icE2GNZzxk', '4iiQabGKtS2RtTKpVkrVTw']",20,"['indie poptimism', 'modern alternative rock', 'modern rock', 'pop rock', 'rock']"
16oZKvXb6WkQlVAjwo2Wbg,The Lumineers,"['0n94vC3S9c3mb2HyNAOcjg', '4dwdTW1Lfiq0cM8nBAqIIz', '5sXaGoRLSpd7VeyZrLkKwt', '7EGwUS3c5dXduO4sMyLWC5', '7giUHu5pv6YTZgSkxxCcgh', '10exVja0key0uqUkk6LJRT', '196lKsA13K3keVXMDFK66q', '3gd8FJtBJtkRxdfbTu19U2', '6ltzsmQQbmdoHHbLZ4ZN25', '4j56EQDQu5XnL7R3E9iFJT', '59sBwR0jPSTrbMtuTkRPN5', '79hrYiudVcFyyxyJW0ipTy', '2ic4xySjQ39N7DJ0HZemeG', '4C50EbCS11M0VbGyH3OfLt', '3kVUvbeRdcrqQ3oHk5hPdx', '69tiO1fG8VWduDl3ji2qhI', '4qKpLkR911SUlnd4HAtF79', '675tsBPpaZtqyiBwEf3ZEP', '251UrhgNbMr15NLzQ2KyKq', '0wyMPXGfOuQzNR54ujR9Ix']",20,"['folk-pop', 'stomp and holler']"
3GxKJzJK4LpsYGXQrw77wz,Mimi Webb,"['1Zi1c8sWZTy5rDiN3lAuEj', '5aHlyw2WWqZW0HLICBuv7U', '7nDsS0l5ZAzMedVRKPP8F1', '2u2MvYsk6gZY0Khn9SAMeO', '5RJFJWYgtgWktosLrUDzff', '0Ey8TMIVvT6OSYiblEuyMh', '6L1XC7NrmgWRlwAeLJvVtA', '55VbVrjmAWcvCknVFfPzvK', '79AyR6ATpj2LTPxfb6FX50', '01y8iBZYk8aeNfPsuTVrAt', '2gduEC76ry33RVurAvT05p', '7jLSEPYCYQ5ssWU3BICqrW', '6lvijTtp1Fm1apavL6hG5I', '2TAqN8fwfaKauvviN4pOsv', '4EPJlUEBy49EX1wuFOvtjK', '2yLzlEFtIS0Q9UkyBZdQA7', '5SHxzwjek1Pipl1Yk11UHv', '7okSU80WTrn4LXlyXYbX3P', '6WFDpw4u23uSpon4BHvFRn', '0znpFLuaey34oJTE1jHSnT']",20,"['alt z', 'dance pop', 'gen z singer-songwriter', 'pop', 'uk pop']"
6WY7D3jk8zTrHtmkqqo5GI,Maren Morris,"['6eKWqnckwdIlSnjaYgIyxv', '5iqStkZi6QmG8sgQZQrfGN', '34bhyY8jfKez7uKakMfy4y', '66lH4jAE7pqPlOlzUKbwA0', '5WRElKaZsn1tGnrgmJVAeO', '3CygdxquGHurS7f9LjNLkv', '1v3tdpIdBSW14rHUfiEVOv', '0GzIauSfKRc5BlNXpTWAGz', '70kkdajctXSbqSMJbQO424', '32WkQRZEVKSzVAAYqukAEA', '0hYxQe3AK5jBPCr5MumLHD', '2wSgVsgLUZeDJwoLcPO7ny', '7H6dkUChT5EoOQtUVMg4cN', '371jpyGdoChzUASOIG2ECV', '1E2AEtxaFaJtH0lO7kgNKw', '2EJ5MRZCzpHSSNNEpTx9Kb', '0qSX3s5pJnAlSsgsCne8Cz', '0u2FHSq3ln94y5Q57xazwf', '7HNEfHmDlFofG6YnMt8G7N', '5dMnvpYEfXvSexjwnSRH5n']",20,"['complextro', 'dance pop', 'edm', 'electro house', 'electropop', 'german techno', 'pop', 'pop dance', 'pop rap', 'tropical house']"
1moxjboGR7GNWYIMWsRjgG,Florence + The Machine,"['5vBKu1igxFo6g1sHADkIdg', '3K2zB87GZv1krx031en5VA', '6oBm8HB0yfrIc9IHbxs6in', '7pyhre5oEEFMqcgMEvJY7q', '3z6Gk257P9jNcZbBXJNX5i', '6UE7nl9mha6s8z0wFQFIZ2', '4Ui2kfOqGujY81UcPrb5KE', '4dwdTW1Lfiq0cM8nBAqIIz', '13saZpZnCDWOI9D4IJhp1f', '3Bd1cgCjtCI32PYvDC3ynO', '7bcbShaqKdcyjnmv4Ix8j6', '3pTE9iaJTkWns3mxpNQlJV', '3g2kUQ6tHLLbmkV7T4GPtL', '7B2edU3Q7btJoNsoHCNohM', '5e1BZulIiYWPRm8yogwUYH', '2xe8IXgCTpwHE3eA9hTs4n', '163tK9Wjr9P9DmM0AVK7lm', '6ueGR6SWhUJfvEhqkvMsVs', '3iOvXCl6edW5Um0fXEBRXy', '7qRll6DYV06u2VuRPAVqug']",20,"['baroque pop', 'pop', 'uk alternative pop']"
2NQEwAVHBNcI0tGMLlWwF1,Mat Kearney,"['4NGiEU3Pkd8ASRyQR30jcA', '39x8gyJjTHiBQklFgVJSV4', '5zeCSgiRyezbfLiGOpKAsR', '7hbH1qupmU6HxVBjWJItlq', '6z29S0IoiBJpSMP8plyCj7', '7omzannyG2lfDqP5xyZo34', '6JVRYNneRsYNInT4TNr5vU', '7FgMLbnZVrEnir95O0YujA', '2PCUhxD40qlMqsKHjTZD2e', '0FC1LIeQXKib0jOwZqeIwT', '3RMHexittaAZkf8zukkZB8', '4AapPt7H6bGH4i7chTulpI', '0CdbG1eHVjqjkQsGoH2u1V', '3aBkeBhwadnWMWoVJ2CxJC', '1Cq0LAHFfvUTBEtMPXUidI', '0ekbDNE2eOq8QiaXM34wer', '0QrowybipCKUDnq5y10PD2', '610EjgFatGvVPtib97jQ8G', '4RwbDag6jWIYJnEGH6Wte9', '5DYAABs8rkY9VhwtENoQCz']",20,"['acoustic pop', 'indiecoustica', 'neo mellow', 'pop rock', 'stomp and holler']"
3P4vW5tzQvmuoNaFQqzy9q,chloe moriondo,"['4dAQ5VFw5nhwA6rTf3ENQ2', '5sH4dr4r46Vm0Qu84PAYvk', '21TinSsF5ytwsfdyz5VSVS', '5DD5GZd4ElmQTy9NleMvKJ', '0HthCchcL0kVLHTr113Vk1', '0ZUvK7zGdXLd78mQr3t1Tw', '35l9BRT7MXmM8bv2WDQiyB', '2BL3PP6aTKJ1jqbRgfQa71', '2vnB6tuQMaQpORiRdvXF9H', '3pHAJqPZhCGNoFShXcqD9k', '39EIRTZx1JjfeDLVdbj2ap', '1rw5Io28PBVxMjikCwvevG', '5uuqghaOBgtv92jDyDveQl', '6zQlhM6cyJRrzuqAbB8PlB', '31431J9PD3bfNsPKkezt0d', '3ajf12ub55b51qcS94d9Co', '1faC7aPWF4ixGI1Qgu7ort', '1vkWdqcabQ1swciXipkLBj', '2efF0JsHHsKKyjceFHUMFj', '3MNLhvqJkWsO6tcjY9ps62']",20,"['alt z', 'bedroom pop', 'indie pop']"
3ZKyADicHqelBDeADLutiu,Flyte,"['0KU55rzxAihPhi27MAuz9O', '2ATweaQe83QUQVjM8LMh7J', '4T4JE09FOmRgv2Wzb6JaOR', '0vnJ2wR879kbb5MuzblVOb', '1ShwUjKIwQRaUJij7jgRhp', '7iPH2BRBF9wKa6ljxvdext', '52pNByiBWx6SVMMqqcCA74', '5G49Sq5mMzAkGL4ZP6eVPY', '76oY04bOzECod3aGVTDtzu', '0W79ONUwHoehEib1nRXlmi', '6Pim5E5Lm03COsjHj2aEiK', '1zkHConahaP6T8EBpg8BeE', '5B7NeaqVrmXPyF05C9tnZ3', '3PUWvoriT2SsLIO4YcTjyy', '6IiZemRMna678qNhiRkYI5', '54tv11ndFfiqXiR03PwdlB', '2xK3hBpuuHSxmHr96TzgDO', '244AFgFclA9c1IcjWOAqoV', '1Uk1GyijF6fSfX4mWq5bfR', '4aKWmkWAKviFlyvHYPTNQY']",20,"['english indie rock', 'indie folk', 'indie pop']"
2eam0iDomRHGBypaDQLwWI,Bleachers,"['0YhUSm86okLWldQVwJkLlP', '3ZJC8cLts8Q8s8JbNJKsLf', '6R664N4cEza3eORSqKSgO4', '5ivCbtrcD5N4rD337xIb2z', '4iiQabGKtS2RtTKpVkrVTw', '4MSMDY0ClgWqXApU53I1L1', '716ZwtZBmwROBXcFmCzfdM', '6Xa4nbrSTfbioA4lLShbjh', '0ZxZlO7oWCSYMXhehpyMvE', '0szWPxzzE8DVEfXFRCLBUb', '2AmfMGi3WZMxqFDHissIAe', '6ZUjdwG0NvY6MT7vvmluhV', '1btWGBz4Uu1HozTwb2Lm8A', '4KJ6jujcNPzOyhdNoiNftp', '6FIrstf3kHEg3zBOyLpvxD', '6d4jrmreCmsenscuieJERc', '6AGUQK1EWK6nvN4pLIDQDQ', '6DIS6PRrLS3wbnZsf7vYic', '0L8jXe7QeS9oYUoXbANmX4', '5DK8eK7fjvRsziXzyr3sFA']",20,[]
0Ya43ZKWHTKkAbkoJJkwIB,The Wombats,"['7FPkZue0zzjHaOPJb4WCw3', '3M4ThdJR28z9eSMcQHAZ5G', '3Rsr4Z96O6U3lToOiV3zBh', '1NfJU4hy56Z4UM4iyIa1B2', '0LbLWjaweRbO4FDKYlbfNt', '450iujbtN6XgiA9pv6fVZz', '048FBwXjFYBWxSggPDipic', '536BYVgOnRky0xjsPT96zl', '35YNL4wwv11ZkmeWWL51y7', '09K1H1DgyIXHsMx2j7KTFX', '3pTE9iaJTkWns3mxpNQlJV', '0vW8z9pZMGCcRtGPGtyqiB', '3MM8mtgFzaEJsqbjZBSsHJ', '01ZP85CNi7Y9t1e0one46k', '1GLtl8uqKmnyCWxHmw9tL4', '4LlDtNr8qFwhrT8eL2wzH4', '0Ak6DLKHtpR6TEEnmcorKA', '14Gi3Uph96lpNB3utkoVAD', '2wpJOPmf1TIOzrB9mzHifd', '6ssXMmc5EOUrauZxirM910']",20,"['liverpool indie', 'modern alternative rock', 'modern rock', 'rock']"
5zuqnTZOeJzI0N0yQ7XA7I,Ruston Kelly,"['4De2r7QdHl1eZwnEnQ1IzE', '1OV5mEATxtVma7fleFaUyl', '3uikSah4dwqwuk0EidFI4R', '7foyQbi7GKriLiv1GPVEwt', '3Lg3FGwBxOGuefqekQzRUf', '7nSYcucRT6IGiMepEmiZgT', '42N7nSYb8pRmVpBpkLSHVC', '1eE9EMjfAxDNT22LXc4Xpt', '4e9TBaTlI3LVQz3tkTYC0I', '4SOtk3HtPYKqxnVuxNBMti', '7JFtD8KnbAADBBDleIMuH7', '3DIk8KcmVKTr4uGw3AuCtJ', '0CdbG1eHVjqjkQsGoH2u1V', '7bsyET4aRFBJ9dOtGeHCX5', '5Bcrb5qQMVTEbJ43fdIS4A', '08Uextujt6ZT2iQmSYAJfH', '34482S5nfxR441wcnVfrHi', '6ps9u0MZquDDBReh8XuBeY', '4CHiVarfTsFhkFOk5vHS77', '3TyeX0lk4B7k56ukfzEE0z']",20,['new americana']
